"商品名","ASIN","仕入先","仕入価格","Amazon現在価格","30日平均価格","90日平均価格","SalesRank","推定月販","出品者数","Amazon本体","BuyBox","MATCH_SCORE","DATA_FRESHNESS","CONFIDENCE","LANDED_COST","想定広告費","想定純利益","利益率","ROI","推奨仕入数量","ResearchScore","ランク","判定理由","異常検知","UNKNOWN項目"
"車載ホルダー マグネット スマホホルダー 車 エアコン吹き出し口 アルミ ブラック","B0SAMPLE003","東莞車載用品工場","242円","2,480円","不明","不明","2,600","340個","5","なし","不明","96点/high","価格 1分前 / Sales Rank 1分前 / 仕入価格 1分前(0時間前)","71点","372円","248円","997円","40.2%","268.0%","27個","87点","D","輸入手続きが必要で今のままでは販売できません（食品衛生法）","なし","(なし)"
"LEDランタン 折りたたみ USB充電式 300ルーメン 防水 キャンプ ブラック","B0SAMPLE005","寧波アウトドア製造","483円","3,480円","不明","不明","6,900","95個","8","なし","不明","93点/high","価格 1分前 / Sales Rank 1分前 / 仕入価格 1分前(0時間前)","70点","726円","348円","1,549円","44.5%","213.4%","10個","80点","D","輸入手続きが必要で今のままでは販売できません（PSEマーク）","なし","(なし)"
"製氷皿 シリコン フタ付き 24個取り 2個セット 冷凍 グレー","B0SAMPLE009","台州家庭用品","160円","1,680円","不明","不明","13,400","11個","2","なし","不明","94点/high","価格 1分前 / Sales Rank 1分前 / 仕入価格 1分前(0時間前)","76点","276円","168円","502円","29.9%","181.9%","20個","79点","D","輸入手続きが必要で今のままでは販売できません（食品衛生法）","なし","(なし)"
"衣類圧縮袋 6枚セット ポンプ付き 70×50cm 掃除機不要 収納","B0SAMPLE007","青島包装材工場","277円","2,680円","不明","不明","5,400","180個","9","なし","不明","91点/high","価格 1分前 / Sales Rank 1分前 / 仕入価格 1分前(0時間前)","75点","442円","268円","1,073円","40.0%","242.8%","20個","78点","A","需要・利益・商品一致のすべてを満たしています","なし","(なし)"
"ペット ブラシ 抜け毛取り 犬 猫 兼用 ステンレス 幅9cm ブルー","B0SAMPLE002","義烏ペット用品商社","206円","1,780円","不明","不明","4,100","210個","6","なし","不明","93点/high","価格 1分前 / Sales Rank 1分前 / 仕入価格 1分前(0時間前)","75点","339円","178円","512円","28.8%","151.0%","20個","77点","A","需要・利益・商品一致のすべてを満たしています","なし","(なし)"
"メガネ拭き クロス マイクロファイバー 15×15cm 10枚セット アソート","B0SAMPLE004","寧波繊維雑貨","86円","980円","不明","不明","15,800","10個","2","なし","不明","91点/high","価格 1分前 / Sales Rank 1分前 / 仕入価格 1分前(0時間前)","80点","138円","98円","446円","45.5%","340.5%","50個","77点","C","今は条件を満たしませんが、値動き次第で候補になります / 採算基準に届いていません（利益439円 / 率45% / ROI318%）","なし","(なし)"
"排水口カバー シリコン 防臭 2枚組 直径11cm グレー os-cover","B0SAMPLE001","深圳日用品工場A","130円","1,280円","不明","不明","8,200","16個","3","なし","不明","94点/high","価格 1分前 / Sales Rank 1分前 / 仕入価格 1分前(0時間前)","81点","240円","128円","495円","38.7%","212.4%","10個","76点","C","今は条件を満たしませんが、値動き次第で候補になります / 採算基準に届いていません（利益488円 / 率38% / ROI203%）","なし","(なし)"
"モバイルバッテリー 10000mAh PD20W 小型 軽量 急速充電 ブラック","B0SAMPLE014","深圳電池工場","672円","3,480円","不明","不明","1,200","900個","11","なし","不明","94点/high","価格 1分前 / Sales Rank 1分前 / 仕入価格 1分前(0時間前)","71点","1,035円","348円","1,549円","44.5%","149.7%","30個","75点","D","輸入手続きが必要で今のままでは販売できません（PSEマーク）","なし","(なし)"
"すべらないハンガー 30本セット 42cm 薄型 PVCコーティング ブラック","B0SAMPLE018","広東樹脂製品","546円","3,980円","不明","不明","1,500","380個","7","なし","不明","93点/high","価格 1分前 / Sales Rank 1分前 / 仕入価格 1分前(0時間前)","75点","879円","398円","845円","21.2%","96.1%","28個","75点","A","需要・利益・商品一致のすべてを満たしています","なし","(なし)"
"包丁研ぎ器 3段階 シャープナー 吸盤付き セラミック ホワイト","B0SAMPLE006","陽江刃物工場","176円","1,980円","不明","不明","11,200","13個","4","なし","不明","89点/needs_human","価格 1分前 / Sales Rank 1分前 / 仕入価格 1分前(0時間前)","72点","318円","198円","691円","34.9%","223.6%","20個","73点","B","商品一致の確認が済めばAランク候補です / 同一商品かどうか、人の目での確認が必要です","なし","(なし)"
"ステンレスボトル 500ml 真空断熱 直飲み マットブラック 水筒","B0SAMPLE019","永康ボトル製造","609円","2,980円","不明","不明","2,200","300個","9","なし","不明","94点/high","価格 1分前 / Sales Rank 1分前 / 仕入価格 1分前(0時間前)","76点","886円","298円","842円","28.3%","95.0%","22個","73点","A","需要・利益・商品一致のすべてを満たしています","なし","(なし)"
"ネイルブラシ ダストブラシ 5本セット ジェルネイル 掃除 ピンク","B0SAMPLE011","広州美容雑貨","113円","1,180円","不明","不明","18,900","9個","3","なし","不明","91点/high","価格 1分前 / Sales Rank 1分前 / 仕入価格 1分前(0時間前)","80点","175円","118円","568円","48.1%","334.1%","30個","70点","C","今は条件を満たしませんが、値動き次第で候補になります / 月10個の需要基準に届いていません（ランキング18,900位からの推定です（実測ではありません））","なし","(なし)"
"犬用 おやつ ささみ ジャーキー 500g 大容量 無添加","B0SAMPLE016","青島食品加工","378円","2,480円","不明","不明","5,600","160個","6","なし","不明","85点/needs_human","価格 1分前 / Sales Rank 1分前 / 仕入価格 1分前(0時間前)","67点","620円","248円","789円","31.8%","137.2%","20個","70点","B","商品一致の確認が済めばAランク候補です / 同一商品かどうか、人の目での確認が必要です","なし","(なし)"
"USB-Cケーブル 1m 3本セット 60W急速充電 ナイロン編み ブラック","B0SAMPLE012","深圳配線材工場","214円","1,680円","不明","不明","1,900","720個","28","なし","不明","93点/high","価格 1分前 / Sales Rank 1分前 / 仕入価格 1分前(0時間前)","70点","326円","168円","569円","33.9%","174.5%","30個","69点","D","輸入手続きが必要で今のままでは販売できません（PSEマーク）","なし","(なし)"
"ワイヤレスイヤホン Bluetooth5.3 ノイズキャンセリング 軽量 ホワイト","B0SAMPLE015","深圳音響工場","861円","4,980円","不明","不明","800","1400個","24","あり","不明","93点/high","価格 1分前 / Sales Rank 1分前 / 仕入価格 1分前(0時間前)","70点","1,168円","498円","2,628円","52.8%","225.0%","30個","68点","D","輸入手続きが必要で今のままでは販売できません（PSEマーク・技適マーク）","なし","(なし)"
"自転車 テールライト LED USB充電式 5モード 防水 リアライト","B0SAMPLE008","深圳自転車部品","372円","1,580円","不明","不明","9,800","7個","14","なし","不明","93点/high","価格 1分前 / Sales Rank 1分前 / 仕入価格 1分前(0時間前)","75点","482円","158円","542円","34.3%","112.4%","10個","61点","D","輸入手続きが必要で今のままでは販売できません（PSEマーク）","なし","(なし)"
"遮光ネット 2m×3m 遮光率75% 園芸 農業 日よけ ブラック","B0SAMPLE010","山東農資工場","326円","3,280円","不明","不明","24,000","3個","3","なし","不明","87点/needs_human","価格 1分前 / Sales Rank 1分前 / 仕入価格 1分前(0時間前)","72点","626円","328円","849円","25.9%","142.2%","10個","60点","C","今は条件を満たしませんが、値動き次第で候補になります / 月10個の需要基準に届いていません（ランキング24,000位からの推定です（実測ではありません）） / 同一商品かどうか、人の目での確認が必要です","なし","(なし)"
"保冷バッグ 折りたたみ 15L アルミ内張り クーラーバッグ グレー","B0SAMPLE013","杭州バッグ製造","311円","2,280円","不明","不明","7,200","150個","19","なし","不明","89点/needs_human","価格 1分前 / Sales Rank 1分前 / 仕入価格 1分前(0時間前)","67点","521円","228円","212円","9.3%","42.7%","20個","47点","C","今は条件を満たしませんが、値動き次第で候補になります / 採算基準に届いていません（利益187円 / 率8% / ROI36%） / 同一商品かどうか、人の目での確認が必要です","なし","(なし)"
"食器用スポンジ 10個セット 抗菌 三層構造 キッチン アソート","B0SAMPLE017","寧波日用品B","231円","880円","不明","不明","3,100","450個","16","あり","不明","91点/high","価格 1分前 / Sales Rank 1分前 / 仕入価格 1分前(0時間前)","70点","402円","88円","-218円","-24.8%","-54.2%","50個","41点","D","輸入手続きが必要で今のままでは販売できません（食品衛生法）","なし","(なし)"