商品ID,タイトル,メーカー,分類,品番,JANコード,状態,仕入値,市場価格,在庫数,リンク,相場ソース,相場日時
BKO-00343,Nintendo Switch 有機ELモデル ホワイト,任天堂,ゲーム機,HEG-S-KAAAA,4902370548495,新品,20410,38000,12,https://example.invalid/bko/343,Amazon/メルカリ 直近30日中央値,2026-08-18
BKO-00344,Nintendo Switch 有機ELモデル ホワイト,任天堂,ゲーム機,HEG-S-KAAAA,4902370548495,未使用に近い,22500,38000,6,https://example.invalid/bko/344,Amazon/メルカリ 直近30日中央値,2026-08-18
BKO-00345,Nintendo Switch 有機ELモデル ホワイト,任天堂,ゲーム機,HEG-S-KAAAA,4902370548495,目立った傷や汚れなし,24020,38000,1,https://example.invalid/bko/345,Amazon/メルカリ 直近30日中央値,2026-08-18
BKO-00346,Nintendo Switch 有機ELモデル ホワイト,任天堂,ゲーム機,HEG-S-KAAAA,4902370548495,やや傷や汚れあり,20410,38000,1,https://example.invalid/bko/346,Amazon/メルカリ 直近30日中央値,2026-08-18
BKO-00347,PlayStation 5 デジタルエディション,ソニー,ゲーム機,CFI-2000B01,4948872416283,傷や汚れあり,43700,62000,12,https://example.invalid/bko/347,Amazon/メルカリ 直近30日中央値,2026-08-18
BKO-00348,PlayStation 5 デジタルエディション,ソニー,ゲーム機,CFI-2000B01,4948872416283,新品,48350,62000,6,https://example.invalid/bko/348,Amazon/メルカリ 直近30日中央値,2026-08-18
BKO-00349,PlayStation 5 デジタルエディション,ソニー,ゲーム機,CFI-2000B01,4948872416283,未使用に近い,57650,62000,1,https://example.invalid/bko/349,Amazon/メルカリ 直近30日中央値,2026-08-18
BKO-00350,PlayStation 5 デジタルエディション,ソニー,ゲーム機,CFI-2000B01,4948872416283,目立った傷や汚れなし,34090,62000,1,https://example.invalid/bko/350,Amazon/メルカリ 直近30日中央値,2026-08-18
BKO-00351,ソニー ワイヤレスヘッドホン WH-1000XM5,ソニー,オーディオ,WH-1000XM5,4548736133235,やや傷や汚れあり,25000,42000,12,https://example.invalid/bko/351,Amazon/メルカリ 直近30日中央値,2026-08-18
BKO-00352,ソニー ワイヤレスヘッドホン WH-1000XM5,ソニー,オーディオ,WH-1000XM5,4548736133235,傷や汚れあり,26680,42000,6,https://example.invalid/bko/352,Amazon/メルカリ 直近30日中央値,2026-08-18
BKO-00353,ソニー ワイヤレスヘッドホン WH-1000XM5,ソニー,オーディオ,WH-1000XM5,4548736133235,新品,22690,42000,1,https://example.invalid/bko/353,Amazon/メルカリ 直近30日中央値,2026-08-18
BKO-00354,ソニー ワイヤレスヘッドホン WH-1000XM5,ソニー,オーディオ,WH-1000XM5,4548736133235,未使用に近い,29200,42000,1,https://example.invalid/bko/354,Amazon/メルカリ 直近30日中央値,2026-08-18
BKO-00355,Apple AirPods Pro 第2世代,アップル,オーディオ,MTJV3J/A,4549995402452,目立った傷や汚れなし,25150,33000,12,https://example.invalid/bko/355,Amazon/メルカリ 直近30日中央値,2026-08-18
BKO-00356,Apple AirPods Pro 第2世代,アップル,オーディオ,MTJV3J/A,4549995402452,やや傷や汚れあり,30100,33000,6,https://example.invalid/bko/356,Amazon/メルカリ 直近30日中央値,2026-08-18
BKO-00357,Apple AirPods Pro 第2世代,アップル,オーディオ,MTJV3J/A,4549995402452,傷や汚れあり,17560,33000,1,https://example.invalid/bko/357,Amazon/メルカリ 直近30日中央値,2026-08-18
BKO-00358,Apple AirPods Pro 第2世代,アップル,オーディオ,MTJV3J/A,4549995402452,新品,19375,33000,1,https://example.invalid/bko/358,Amazon/メルカリ 直近30日中央値,2026-08-18
BKO-00359,キヤノン EOS Kiss X10 ダブルズームキット,キヤノン,カメラ,EOSKISSX10,4549292131857,未使用に近い,50620,78000,12,https://example.invalid/bko/359,Amazon/メルカリ 直近30日中央値,2026-08-18
BKO-00360,キヤノン EOS Kiss X10 ダブルズームキット,キヤノン,カメラ,EOSKISSX10,4549292131857,目立った傷や汚れなし,43210,78000,6,https://example.invalid/bko/360,Amazon/メルカリ 直近30日中央値,2026-08-18
BKO-00361,キヤノン EOS Kiss X10 ダブルズームキット,キヤノン,カメラ,EOSKISSX10,4549292131857,やや傷や汚れあり,55300,78000,1,https://example.invalid/bko/361,Amazon/メルカリ 直近30日中央値,2026-08-18
BKO-00362,キヤノン EOS Kiss X10 ダブルズームキット,キヤノン,カメラ,EOSKISSX10,4549292131857,傷や汚れあり,61150,78000,1,https://example.invalid/bko/362,Amazon/メルカリ 直近30日中央値,2026-08-18
BKO-00363,ニコン Z fc ボディ,ニコン,カメラ,ZFC,4960759905499,新品,89950,96000,12,https://example.invalid/bko/363,Amazon/メルカリ 直近30日中央値,2026-08-18
BKO-00364,ニコン Z fc ボディ,ニコン,カメラ,ZFC,4960759905499,未使用に近い,53470,96000,6,https://example.invalid/bko/364,Amazon/メルカリ 直近30日中央値,2026-08-18
BKO-00365,ニコン Z fc ボディ,ニコン,カメラ,ZFC,4960759905499,目立った傷や汚れなし,58750,96000,1,https://example.invalid/bko/365,Amazon/メルカリ 直近30日中央値,2026-08-18
BKO-00366,ニコン Z fc ボディ,ニコン,カメラ,ZFC,4960759905499,やや傷や汚れあり,62590,96000,1,https://example.invalid/bko/366,Amazon/メルカリ 直近30日中央値,2026-08-18
BKO-00367,ゼルダの伝説 ティアーズ オブ ザ キングダム,任天堂,ゲームソフト,HAC-P-AWXPA,4902370548501,傷や汚れあり,2284,6200,12,https://example.invalid/bko/367,Amazon/メルカリ 直近30日中央値,2026-08-18
BKO-00368,ゼルダの伝説 ティアーズ オブ ザ キングダム,任天堂,ゲームソフト,HAC-P-AWXPA,4902370548501,新品,3245,6200,6,https://example.invalid/bko/368,Amazon/メルカリ 直近30日中央値,2026-08-18
BKO-00369,ゼルダの伝説 ティアーズ オブ ザ キングダム,任天堂,ゲームソフト,HAC-P-AWXPA,4902370548501,未使用に近い,3710,6200,1,https://example.invalid/bko/369,Amazon/メルカリ 直近30日中央値,2026-08-18
BKO-00370,ゼルダの伝説 ティアーズ オブ ザ キングダム,任天堂,ゲームソフト,HAC-P-AWXPA,4902370548501,目立った傷や汚れなし,4640,6200,1,https://example.invalid/bko/370,Amazon/メルカリ 直近30日中央値,2026-08-18
BKO-00371,ポケットモンスター スカーレット,任天堂,ゲームソフト,HAC-P-AXQEA,4902370550733,やや傷や汚れあり,1714,5200,12,https://example.invalid/bko/371,Amazon/メルカリ 直近30日中央値,2026-08-18
BKO-00372,ポケットモンスター スカーレット,任天堂,ゲームソフト,HAC-P-AXQEA,4902370550733,傷や汚れあり,2000,5200,6,https://example.invalid/bko/372,Amazon/メルカリ 直近30日中央値,2026-08-18
BKO-00373,ポケットモンスター スカーレット,任天堂,ゲームソフト,HAC-P-AXQEA,4902370550733,新品,2208,5200,1,https://example.invalid/bko/373,Amazon/メルカリ 直近30日中央値,2026-08-18
BKO-00374,ポケットモンスター スカーレット,任天堂,ゲームソフト,HAC-P-AXQEA,4902370550733,未使用に近い,1714,5200,1,https://example.invalid/bko/374,Amazon/メルカリ 直近30日中央値,2026-08-18
BKO-00375,ソニー ブラビア 55型 液晶テレビ,ソニー,テレビ,KJ-55X80L,4548736142886,目立った傷や汚れなし,84300,118000,12,https://example.invalid/bko/375,Amazon/メルカリ 直近30日中央値,2026-08-18
BKO-00376,ソニー ブラビア 55型 液晶テレビ,ソニー,テレビ,KJ-55X80L,4548736142886,やや傷や汚れあり,93150,118000,6,https://example.invalid/bko/376,Amazon/メルカリ 直近30日中央値,2026-08-18
BKO-00377,ソニー ブラビア 55型 液晶テレビ,ソニー,テレビ,KJ-55X80L,4548736142886,傷や汚れあり,110850,118000,1,https://example.invalid/bko/377,Amazon/メルカリ 直近30日中央値,2026-08-18
BKO-00378,ソニー ブラビア 55型 液晶テレビ,ソニー,テレビ,KJ-55X80L,4548736142886,新品,66010,118000,1,https://example.invalid/bko/378,Amazon/メルカリ 直近30日中央値,2026-08-18
BKO-00379,アップル iPad 第10世代 64GB Wi-Fi,アップル,タブレット,MPQ03J/A,4549995362268,未使用に近い,27500,46000,12,https://example.invalid/bko/379,Amazon/メルカリ 直近30日中央値,2026-08-18
BKO-00380,アップル iPad 第10世代 64GB Wi-Fi,アップル,タブレット,MPQ03J/A,4549995362268,目立った傷や汚れなし,29340,46000,6,https://example.invalid/bko/380,Amazon/メルカリ 直近30日中央値,2026-08-18
BKO-00381,アップル iPad 第10世代 64GB Wi-Fi,アップル,タブレット,MPQ03J/A,4549995362268,やや傷や汚れあり,24970,46000,1,https://example.invalid/bko/381,Amazon/メルカリ 直近30日中央値,2026-08-18
BKO-00382,アップル iPad 第10世代 64GB Wi-Fi,アップル,タブレット,MPQ03J/A,4549995362268,傷や汚れあり,32100,46000,1,https://example.invalid/bko/382,Amazon/メルカリ 直近30日中央値,2026-08-18
BKO-00383,文庫本まとめ 20冊セット,,本,,,やや傷や汚れあり,14750,20000,1,https://example.invalid/bko/383,メルカリ 直近30日中央値,2026-08-18
BKO-00384,コミック全巻セット 中古,,本,,,傷や汚れあり,10750,15000,1,https://example.invalid/bko/384,メルカリ 直近30日中央値,2026-08-18
BKO-00385,型番不明 ジャンクプリンタ,,その他,,,やや傷や汚れあり,3000,,1,https://example.invalid/bko/385,,
BKO-00386,中古 ノートパソコン 15型 #1,NEC,家電,PC-GN-1,4900000000000,新品,25950,34000,4,https://example.invalid/bko/386,相場サイト 直近30日中央値,2026-08-18
BKO-00387,中古 電子レンジ #2,SHARP,生活家電,RE-SS-2,,未使用に近い,9500,12500,1,https://example.invalid/bko/387,,
BKO-00388,中古 掃除機 コードレス #3,DYSON,生活家電,V8-3,,目立った傷や汚れなし,19650,22000,1,https://example.invalid/bko/388,,
BKO-00389,中古 炊飯器 5.5合 #4,ZOJIRUSHI,生活家電,NP-BK-4,4900000000003,やや傷や汚れあり,11950,16500,1,https://example.invalid/bko/389,,
BKO-00390,中古 液晶モニタ 24型 #5,IODATA,家電,LCD-MF-5,,傷や汚れあり,11100,13000,1,https://example.invalid/bko/390,相場サイト 直近30日中央値,2026-08-18
BKO-00391,中古 コンパクトデジタルカメラ #6,CANON,カメラ,IXY650-6,,新品,12080,15500,1,https://example.invalid/bko/391,,
BKO-00392,中古 ミラーレス標準ズームレンズ #7,NIKON,カメラ,NIKKOR-Z-7,4900000000006,未使用に近い,23550,31000,1,https://example.invalid/bko/392,,
BKO-00393,中古 ブルートゥーススピーカー #8,JBL,オーディオ,FLIP6-8,,目立った傷や汚れなし,10625,12500,1,https://example.invalid/bko/393,,
BKO-00394,中古 腕時計 ソーラー電波 #9,CASIO,時計,OCW-S-9,,やや傷や汚れあり,41750,50000,1,https://example.invalid/bko/394,相場サイト 直近30日中央値,2026-08-18
BKO-00395,中古 ダウンジャケット #10,UNIQLO,アパレル,DWN-01-10,4900000000009,傷や汚れあり,5710,8700,4,https://example.invalid/bko/395,,
BKO-00396,中古 ランニングシューズ #11,ASICS,スニーカー,GEL-KAYANO-11,,新品,11670,13600,1,https://example.invalid/bko/396,,
BKO-00397,中古 ビジネスバッグ 本革 #12,PORTER,バッグ,PT-BIZ-12,,未使用に近い,18960,23500,1,https://example.invalid/bko/397,,
BKO-00398,中古 二つ折り財布 #13,COACH,財布,CH-W2-13,4900000000012,目立った傷や汚れなし,10205,15800,1,https://example.invalid/bko/398,相場サイト 直近30日中央値,2026-08-18
BKO-00399,中古 アコースティックギター #14,YAMAHA,楽器,FG830-14,,やや傷や汚れあり,29625,32500,1,https://example.invalid/bko/399,,
BKO-00400,中古 キーボード 61鍵 #15,CASIO,楽器,CT-S300-15,,傷や汚れあり,15550,21000,1,https://example.invalid/bko/400,,
BKO-00401,中古 ゲームソフト 人気タイトル #16,NINTENDO,ゲームソフト,HAC-GEN-16,4900000000015,新品,6265,11300,1,https://example.invalid/bko/401,,
BKO-00402,中古 家庭用ゲーム機 旧型 #17,SONY,ゲーム機,CUH-2200-17,,未使用に近い,20250,25000,1,https://example.invalid/bko/402,相場サイト 直近30日中央値,2026-08-18
BKO-00403,中古 タブレット 10型 #18,LENOVO,タブレット,TB-J606-18,,目立った傷や汚れなし,13950,16000,1,https://example.invalid/bko/403,,
BKO-00404,中古 スマートウォッチ #19,GARMIN,時計,FR-255-19,4900000000018,やや傷や汚れあり,18350,24500,4,https://example.invalid/bko/404,,
BKO-00405,中古 空気清浄機 #20,PANASONIC,生活家電,F-VXR-20,,傷や汚れあり,17750,20000,1,https://example.invalid/bko/405,,
BKO-00406,中古 コーヒーメーカー #21,DELONGHI,生活家電,ECAM-21,,新品,25550,33500,1,https://example.invalid/bko/406,相場サイト 直近30日中央値,2026-08-18
BKO-00407,中古 電動アシスト自転車 バッテリー #22,YAMAHA,その他,X0T-82-22,4900000000021,未使用に近い,19390,24000,1,https://example.invalid/bko/407,,
BKO-00408,中古 プロジェクター 小型 #23,EPSON,家電,EF-12-23,,目立った傷や汚れなし,40075,43500,1,https://example.invalid/bko/408,,
BKO-00409,中古 マイク コンデンサー #24,AUDIOTECHNICA,オーディオ,AT2020-24,,やや傷や汚れあり,8190,11800,1,https://example.invalid/bko/409,,
BKO-00410,中古 トートバッグ ナイロン #25,PRADA,バッグ,BR4001-25,4900000000024,傷や汚れあり,51475,55500,1,https://example.invalid/bko/410,相場サイト 直近30日中央値,2026-08-18
BKO-00411,中古 ノートパソコン 15型 #26,NEC,家電,PC-GN-26,,新品,31430,38000,1,https://example.invalid/bko/411,,
BKO-00412,中古 電子レンジ #27,SHARP,生活家電,RE-SS-27,,未使用に近い,11950,16500,1,https://example.invalid/bko/412,,
BKO-00413,中古 掃除機 コードレス #28,DYSON,生活家電,V8-28,4900000000027,目立った傷や汚れなし,23450,26000,4,https://example.invalid/bko/413,,
BKO-00414,中古 炊飯器 5.5合 #29,ZOJIRUSHI,生活家電,NP-BK-29,,やや傷や汚れあり,16380,20500,1,https://example.invalid/bko/414,相場サイト 直近30日中央値,2026-08-18
BKO-00415,中古 液晶モニタ 24型 #30,IODATA,家電,LCD-MF-30,,傷や汚れあり,12350,17000,1,https://example.invalid/bko/415,,
BKO-00416,中古 コンパクトデジタルカメラ #31,CANON,カメラ,IXY650-31,4900000000030,新品,17275,19500,1,https://example.invalid/bko/416,,
BKO-00417,中古 ミラーレス標準ズームレンズ #32,NIKON,カメラ,NIKKOR-Z-32,,未使用に近い,28850,35000,1,https://example.invalid/bko/417,,
BKO-00418,中古 ブルートゥーススピーカー #33,JBL,オーディオ,FLIP6-33,,目立った傷や汚れなし,10713,16500,1,https://example.invalid/bko/418,相場サイト 直近30日中央値,2026-08-18
BKO-00419,中古 腕時計 ソーラー電波 #34,CASIO,時計,OCW-S-34,4900000000033,やや傷や汚れあり,50050,54000,1,https://example.invalid/bko/419,,
BKO-00420,中古 ダウンジャケット #35,UNIQLO,アパレル,DWN-01-35,,傷や汚れあり,2110,4200,1,https://example.invalid/bko/420,,
BKO-00421,中古 ランニングシューズ #36,ASICS,スニーカー,GEL-KAYANO-36,,新品,4802,9100,1,https://example.invalid/bko/421,,
BKO-00422,中古 ビジネスバッグ 本革 #37,PORTER,バッグ,PT-BIZ-37,4900000000036,未使用に近い,15090,19000,4,https://example.invalid/bko/422,相場サイト 直近30日中央値,2026-08-18
BKO-00423,中古 二つ折り財布 #38,COACH,財布,CH-W2-38,,目立った傷や汚れなし,9485,11300,1,https://example.invalid/bko/423,,
BKO-00424,中古 アコースティックギター #39,YAMAHA,楽器,FG830-39,,やや傷や汚れあり,21150,28000,1,https://example.invalid/bko/424,,
BKO-00425,中古 キーボード 61鍵 #40,CASIO,楽器,CT-S300-40,4900000000039,傷や汚れあり,14425,16500,1,https://example.invalid/bko/425,,
BKO-00426,中古 ゲームソフト 人気タイトル #41,NINTENDO,ゲームソフト,HAC-GEN-41,,新品,4190,6800,1,https://example.invalid/bko/426,相場サイト 直近30日中央値,2026-08-18
BKO-00427,中古 家庭用ゲーム機 旧型 #42,SONY,ゲーム機,CUH-2200-42,,未使用に近い,16380,20500,1,https://example.invalid/bko/427,,
BKO-00428,中古 タブレット 10型 #43,LENOVO,タブレット,TB-J606-43,4900000000042,目立った傷や汚れなし,17750,20000,1,https://example.invalid/bko/428,,
BKO-00429,中古 スマートウォッチ #44,GARMIN,時計,FR-255-44,,やや傷や汚れあり,21550,28500,1,https://example.invalid/bko/429,,
BKO-00430,中古 空気清浄機 #45,PANASONIC,生活家電,F-VXR-45,,傷や汚れあり,21550,24000,1,https://example.invalid/bko/430,相場サイト 直近30日中央値,2026-08-18
BKO-00431,中古 コーヒーメーカー #46,DELONGHI,生活家電,ECAM-46,4900000000045,新品,31000,37500,4,https://example.invalid/bko/431,,
BKO-00432,中古 電動アシスト自転車 バッテリー #47,YAMAHA,その他,X0T-82-47,,未使用に近い,21150,28000,1,https://example.invalid/bko/432,,
BKO-00433,中古 プロジェクター 小型 #48,EPSON,家電,EF-12-48,,目立った傷や汚れなし,43875,47500,1,https://example.invalid/bko/433,,
BKO-00434,中古 マイク コンデンサー #49,AUDIOTECHNICA,オーディオ,AT2020-49,4900000000048,やや傷や汚れあり,12338,15800,1,https://example.invalid/bko/434,相場サイト 直近30日中央値,2026-08-18
BKO-00435,中古 トートバッグ ナイロン #50,PRADA,バッグ,BR4001-50,,傷や汚れあり,46350,59500,1,https://example.invalid/bko/435,,
BKO-00436,中古 ノートパソコン 15型 #51,NEC,家電,PC-GN-51,,新品,38650,42000,1,https://example.invalid/bko/436,,
BKO-00437,中古 電子レンジ #52,SHARP,生活家電,RE-SS-52,4900000000051,未使用に近い,9070,12000,1,https://example.invalid/bko/437,,
BKO-00438,中古 掃除機 コードレス #53,DYSON,生活家電,V8-53,,目立った傷や汚れなし,14338,21500,1,https://example.invalid/bko/438,相場サイト 直近30日中央値,2026-08-18
BKO-00439,中古 炊飯器 5.5合 #54,ZOJIRUSHI,生活家電,NP-BK-54,,やや傷や汚れあり,13950,16000,1,https://example.invalid/bko/439,,
BKO-00440,中古 液晶モニタ 24型 #55,IODATA,家電,LCD-MF-55,4900000000054,傷や汚れあり,8750,12500,4,https://example.invalid/bko/440,,
BKO-00441,中古 コンパクトデジタルカメラ #56,CANON,カメラ,IXY650-56,,新品,8725,15000,1,https://example.invalid/bko/441,,
BKO-00442,中古 ミラーレス標準ズームレンズ #57,NIKON,カメラ,NIKKOR-Z-57,,未使用に近い,24980,30500,1,https://example.invalid/bko/442,相場サイト 直近30日中央値,2026-08-18
BKO-00443,中古 ブルートゥーススピーカー #58,JBL,オーディオ,FLIP6-58,4900000000057,目立った傷や汚れなし,10150,12000,1,https://example.invalid/bko/443,,
BKO-00444,中古 腕時計 ソーラー電波 #59,CASIO,時計,OCW-S-59,,やや傷や汚れあり,38350,49500,1,https://example.invalid/bko/444,,
BKO-00445,中古 ダウンジャケット #60,UNIQLO,アパレル,DWN-01-60,,傷や汚れあり,6540,8200,1,https://example.invalid/bko/445,,
BKO-00446,中古 ランニングシューズ #61,ASICS,スニーカー,GEL-KAYANO-61,4900000000060,新品,9230,13100,1,https://example.invalid/bko/446,相場サイト 直近30日中央値,2026-08-18
BKO-00447,中古 ビジネスバッグ 本革 #62,PORTER,バッグ,PT-BIZ-62,,未使用に近い,18530,23000,1,https://example.invalid/bko/447,,
BKO-00448,中古 二つ折り財布 #63,COACH,財布,CH-W2-63,,目立った傷や汚れなし,13285,15300,1,https://example.invalid/bko/448,,
BKO-00449,中古 アコースティックギター #64,YAMAHA,楽器,FG830-64,4900000000063,やや傷や汚れあり,24350,32000,4,https://example.invalid/bko/449,,
BKO-00450,中古 キーボード 61鍵 #65,CASIO,楽器,CT-S300-65,,傷や汚れあり,18225,20500,1,https://example.invalid/bko/450,相場サイト 直近30日中央値,2026-08-18
BKO-00451,中古 ゲームソフト 人気タイトル #66,NINTENDO,ゲームソフト,HAC-GEN-66,,新品,8038,10800,1,https://example.invalid/bko/451,,
BKO-00452,中古 家庭用ゲーム機 旧型 #67,SONY,ゲーム機,CUH-2200-67,4900000000066,未使用に近い,18350,24500,1,https://example.invalid/bko/452,,
BKO-00453,中古 タブレット 10型 #68,LENOVO,タブレット,TB-J606-68,,目立った傷や汚れなし,21550,24000,1,https://example.invalid/bko/453,,
BKO-00454,中古 スマートウォッチ #69,GARMIN,時計,FR-255-69,,やや傷や汚れあり,19390,24000,1,https://example.invalid/bko/454,相場サイト 直近30日中央値,2026-08-18
BKO-00455,中古 空気清浄機 #70,PANASONIC,生活家電,F-VXR-70,4900000000069,傷や汚れあり,14350,19500,1,https://example.invalid/bko/455,,
BKO-00456,中古 コーヒーメーカー #71,DELONGHI,生活家電,ECAM-71,,新品,30100,33000,1,https://example.invalid/bko/456,,
BKO-00457,中古 電動アシスト自転車 バッテリー #72,YAMAHA,その他,X0T-82-72,,未使用に近い,18960,23500,1,https://example.invalid/bko/457,,
BKO-00458,中古 プロジェクター 小型 #73,EPSON,家電,EF-12-73,4900000000072,目立った傷や汚れなし,29925,43000,4,https://example.invalid/bko/458,相場サイト 直近30日中央値,2026-08-18
BKO-00459,中古 マイク コンデンサー #74,AUDIOTECHNICA,オーディオ,AT2020-74,,やや傷や汚れあり,9485,11300,1,https://example.invalid/bko/459,,
BKO-00460,中古 トートバッグ ナイロン #75,PRADA,バッグ,BR4001-75,,傷や汚れあり,42750,55000,1,https://example.invalid/bko/460,,
BKO-00461,中古 ノートパソコン 15型 #76,NEC,家電,PC-GN-76,4900000000075,新品,23688,37500,1,https://example.invalid/bko/461,,
BKO-00462,中古 電子レンジ #77,SHARP,生活家電,RE-SS-77,,未使用に近い,12510,16000,1,https://example.invalid/bko/462,相場サイト 直近30日中央値,2026-08-18
BKO-00463,中古 掃除機 コードレス #78,DYSON,生活家電,V8-78,,目立った傷や汚れなし,22975,25500,1,https://example.invalid/bko/463,,
BKO-00464,中古 炊飯器 5.5合 #79,ZOJIRUSHI,生活家電,NP-BK-79,4900000000078,やや傷や汚れあり,14750,20000,1,https://example.invalid/bko/464,,
BKO-00465,中古 液晶モニタ 24型 #80,IODATA,家電,LCD-MF-80,,傷や汚れあり,14425,16500,1,https://example.invalid/bko/465,,
BKO-00466,中古 コンパクトデジタルカメラ #81,CANON,カメラ,IXY650-81,,新品,13950,19000,1,https://example.invalid/bko/466,相場サイト 直近30日中央値,2026-08-18
BKO-00467,中古 ミラーレス標準ズームレンズ #82,NIKON,カメラ,NIKKOR-Z-82,4900000000081,未使用に近い,28420,34500,4,https://example.invalid/bko/467,,
BKO-00468,中古 ブルートゥーススピーカー #83,JBL,オーディオ,FLIP6-83,,目立った傷や汚れなし,13950,16000,1,https://example.invalid/bko/468,,
BKO-00469,中古 腕時計 ソーラー電波 #84,CASIO,時計,OCW-S-84,,やや傷や汚れあり,41550,53500,1,https://example.invalid/bko/469,,
BKO-00470,中古 ダウンジャケット #85,UNIQLO,アパレル,DWN-01-85,4900000000084,傷や汚れあり,10340,12200,1,https://example.invalid/bko/470,相場サイト 直近30日中央値,2026-08-18
BKO-00471,中古 ランニングシューズ #86,ASICS,スニーカー,GEL-KAYANO-86,,新品,6146,8600,1,https://example.invalid/bko/471,,
BKO-00472,中古 ビジネスバッグ 本革 #87,PORTER,バッグ,PT-BIZ-87,,未使用に近い,13550,18500,1,https://example.invalid/bko/472,,
BKO-00473,中古 二つ折り財布 #88,COACH,財布,CH-W2-88,4900000000087,目立った傷や汚れなし,9010,10800,1,https://example.invalid/bko/473,,
BKO-00474,中古 アコースティックギター #89,YAMAHA,楽器,FG830-89,,やや傷や汚れあり,22400,27500,1,https://example.invalid/bko/474,相場サイト 直近30日中央値,2026-08-18
BKO-00475,中古 キーボード 61鍵 #90,CASIO,楽器,CT-S300-90,,傷や汚れあり,11550,16000,1,https://example.invalid/bko/475,,
BKO-00476,中古 ゲームソフト 人気タイトル #91,NINTENDO,ゲームソフト,HAC-GEN-91,4900000000090,新品,4735,6300,4,https://example.invalid/bko/476,,
BKO-00477,中古 家庭用ゲーム機 旧型 #92,SONY,ゲーム機,CUH-2200-92,,未使用に近い,15950,20000,1,https://example.invalid/bko/477,,
BKO-00478,中古 タブレット 10型 #93,LENOVO,タブレット,TB-J606-93,,目立った傷や汚れなし,12888,19500,1,https://example.invalid/bko/478,相場サイト 直近30日中央値,2026-08-18
BKO-00479,中古 スマートウォッチ #94,GARMIN,時計,FR-255-94,4900000000093,やや傷や汚れあり,25350,28000,1,https://example.invalid/bko/479,,
BKO-00480,中古 空気清浄機 #95,PANASONIC,生活家電,F-VXR-95,,傷や汚れあり,17550,23500,1,https://example.invalid/bko/480,,
BKO-00481,中古 コーヒーメーカー #96,DELONGHI,生活家電,ECAM-96,,新品,23355,37000,1,https://example.invalid/bko/481,,
BKO-00482,中古 電動アシスト自転車 バッテリー #97,YAMAHA,その他,X0T-82-97,4900000000096,未使用に近い,22400,27500,1,https://example.invalid/bko/482,相場サイト 直近30日中央値,2026-08-18
BKO-00483,中古 プロジェクター 小型 #98,EPSON,家電,EF-12-98,,目立った傷や汚れなし,43400,47000,1,https://example.invalid/bko/483,,
BKO-00484,中古 マイク コンデンサー #99,AUDIOTECHNICA,オーディオ,AT2020-99,,やや傷や汚れあり,10990,15300,1,https://example.invalid/bko/484,,
BKO-00485,中古 トートバッグ ナイロン #100,PRADA,バッグ,BR4001-100,4900000000099,傷や汚れあり,54800,59000,4,https://example.invalid/bko/485,,
BKO-00486,中古 ノートパソコン 15型 #101,NEC,家電,PC-GN-101,,新品,31950,41500,1,https://example.invalid/bko/486,相場サイト 直近30日中央値,2026-08-18
BKO-00487,中古 電子レンジ #102,SHARP,生活家電,RE-SS-102,,未使用に近い,15950,20000,1,https://example.invalid/bko/487,,
BKO-00488,中古 掃除機 コードレス #103,DYSON,生活家電,V8-103,4900000000102,目立った傷や汚れなし,18700,21000,1,https://example.invalid/bko/488,,
BKO-00489,中古 炊飯器 5.5合 #104,ZOJIRUSHI,生活家電,NP-BK-104,,やや傷や汚れあり,11150,15500,1,https://example.invalid/bko/489,,
BKO-00490,中古 液晶モニタ 24型 #105,IODATA,家電,LCD-MF-105,,傷や汚れあり,10150,12000,1,https://example.invalid/bko/490,相場サイト 直近30日中央値,2026-08-18
BKO-00491,中古 コンパクトデジタルカメラ #106,CANON,カメラ,IXY650-106,4900000000105,新品,11220,14500,1,https://example.invalid/bko/491,,
BKO-00492,中古 ミラーレス標準ズームレンズ #107,NIKON,カメラ,NIKKOR-Z-107,,未使用に近い,22750,30000,1,https://example.invalid/bko/492,,
BKO-00493,中古 ブルートゥーススピーカー #108,JBL,オーディオ,FLIP6-108,,目立った傷や汚れなし,9675,11500,1,https://example.invalid/bko/493,,
BKO-00494,中古 腕時計 ソーラー電波 #109,CASIO,時計,OCW-S-109,4900000000108,やや傷や汚れあり,40890,49000,4,https://example.invalid/bko/494,相場サイト 直近30日中央値,2026-08-18
BKO-00495,中古 ダウンジャケット #110,UNIQLO,アパレル,DWN-01-110,,傷や汚れあり,4910,7700,1,https://example.invalid/bko/495,,
BKO-00496,中古 ランニングシューズ #111,ASICS,スニーカー,GEL-KAYANO-111,,新品,10720,12600,1,https://example.invalid/bko/496,,
BKO-00497,中古 ビジネスバッグ 本革 #112,PORTER,バッグ,PT-BIZ-112,4900000000111,未使用に近い,18100,22500,1,https://example.invalid/bko/497,,
BKO-00498,中古 二つ折り財布 #113,COACH,財布,CH-W2-113,,目立った傷や汚れなし,9480,14800,1,https://example.invalid/bko/498,相場サイト 直近30日中央値,2026-08-18
BKO-00499,中古 アコースティックギター #114,YAMAHA,楽器,FG830-114,,やや傷や汚れあり,28675,31500,1,https://example.invalid/bko/499,,
BKO-00500,中古 キーボード 61鍵 #115,CASIO,楽器,CT-S300-115,4900000000114,傷や汚れあり,14750,20000,1,https://example.invalid/bko/500,,
BKO-00501,中古 ゲームソフト 人気タイトル #116,NINTENDO,ゲームソフト,HAC-GEN-116,,新品,5600,10300,1,https://example.invalid/bko/501,,
BKO-00502,中古 家庭用ゲーム機 旧型 #117,SONY,ゲーム機,CUH-2200-117,,未使用に近い,19390,24000,1,https://example.invalid/bko/502,相場サイト 直近30日中央値,2026-08-18
BKO-00503,中古 タブレット 10型 #118,LENOVO,タブレット,TB-J606-118,4900000000117,目立った傷や汚れなし,21075,23500,4,https://example.invalid/bko/503,,
BKO-00504,中古 スマートウォッチ #119,GARMIN,時計,FR-255-119,,やや傷や汚れあり,24350,32000,1,https://example.invalid/bko/504,,
BKO-00505,中古 空気清浄機 #120,PANASONIC,生活家電,F-VXR-120,,傷や汚れあり,16800,19000,1,https://example.invalid/bko/505,,
BKO-00506,中古 コーヒーメーカー #121,DELONGHI,生活家電,ECAM-121,4900000000120,新品,24750,32500,1,https://example.invalid/bko/506,相場サイト 直近30日中央値,2026-08-18
BKO-00507,中古 電動アシスト自転車 バッテリー #122,YAMAHA,その他,X0T-82-122,,未使用に近い,18530,23000,1,https://example.invalid/bko/507,,
BKO-00508,中古 プロジェクター 小型 #123,EPSON,家電,EF-12-123,,目立った傷や汚れなし,39125,42500,1,https://example.invalid/bko/508,,
BKO-00509,中古 マイク コンデンサー #124,AUDIOTECHNICA,オーディオ,AT2020-124,4900000000123,やや傷や汚れあり,7390,10800,1,https://example.invalid/bko/509,,
BKO-00510,中古 トートバッグ ナイロン #125,PRADA,バッグ,BR4001-125,,傷や汚れあり,50525,54500,1,https://example.invalid/bko/510,相場サイト 直近30日中央値,2026-08-18
BKO-00511,中古 ノートパソコン 15型 #126,NEC,家電,PC-GN-126,,新品,30570,37000,1,https://example.invalid/bko/511,,
BKO-00512,中古 電子レンジ #127,SHARP,生活家電,RE-SS-127,4900000000126,未使用に近い,11150,15500,4,https://example.invalid/bko/512,,
BKO-00513,中古 掃除機 コードレス #128,DYSON,生活家電,V8-128,,目立った傷や汚れなし,22500,25000,1,https://example.invalid/bko/513,,
BKO-00514,中古 炊飯器 5.5合 #129,ZOJIRUSHI,生活家電,NP-BK-129,,やや傷や汚れあり,15520,19500,1,https://example.invalid/bko/514,相場サイト 直近30日中央値,2026-08-18
BKO-00515,中古 液晶モニタ 24型 #130,IODATA,家電,LCD-MF-130,4900000000129,傷や汚れあり,11550,16000,1,https://example.invalid/bko/515,,
BKO-00516,中古 コンパクトデジタルカメラ #131,CANON,カメラ,IXY650-131,,新品,16325,18500,1,https://example.invalid/bko/516,,
BKO-00517,中古 ミラーレス標準ズームレンズ #132,NIKON,カメラ,NIKKOR-Z-132,,未使用に近い,27990,34000,1,https://example.invalid/bko/517,,
BKO-00518,中古 ブルートゥーススピーカー #133,JBL,オーディオ,FLIP6-133,4900000000132,目立った傷や汚れなし,9988,15500,1,https://example.invalid/bko/518,相場サイト 直近30日中央値,2026-08-18
BKO-00519,中古 腕時計 ソーラー電波 #134,CASIO,時計,OCW-S-134,,やや傷や汚れあり,49100,53000,1,https://example.invalid/bko/519,,
BKO-00520,中古 ダウンジャケット #135,UNIQLO,アパレル,DWN-01-135,,傷や汚れあり,8110,11700,1,https://example.invalid/bko/520,,
BKO-00521,中古 ランニングシューズ #136,ASICS,スニーカー,GEL-KAYANO-136,4900000000135,新品,9789,16600,4,https://example.invalid/bko/521,,
BKO-00522,中古 ビジネスバッグ 本革 #137,PORTER,バッグ,PT-BIZ-137,,未使用に近い,14230,18000,1,https://example.invalid/bko/522,相場サイト 直近30日中央値,2026-08-18
BKO-00523,中古 二つ折り財布 #138,COACH,財布,CH-W2-138,,目立った傷や汚れなし,8535,10300,1,https://example.invalid/bko/523,,
BKO-00524,中古 アコースティックギター #139,YAMAHA,楽器,FG830-139,4900000000138,やや傷や汚れあり,20350,27000,1,https://example.invalid/bko/524,,
BKO-00525,中古 キーボード 61鍵 #140,CASIO,楽器,CT-S300-140,,傷や汚れあり,13475,15500,1,https://example.invalid/bko/525,,
BKO-00526,中古 ゲームソフト 人気タイトル #141,NINTENDO,ゲームソフト,HAC-GEN-141,,新品,3390,5800,1,https://example.invalid/bko/526,相場サイト 直近30日中央値,2026-08-18
BKO-00527,中古 家庭用ゲーム機 旧型 #142,SONY,ゲーム機,CUH-2200-142,4900000000141,未使用に近い,15520,19500,1,https://example.invalid/bko/527,,
BKO-00528,中古 タブレット 10型 #143,LENOVO,タブレット,TB-J606-143,,目立った傷や汚れなし,16800,19000,1,https://example.invalid/bko/528,,
BKO-00529,中古 スマートウォッチ #144,GARMIN,時計,FR-255-144,,やや傷や汚れあり,20750,27500,1,https://example.invalid/bko/529,,
BKO-00530,中古 空気清浄機 #145,PANASONIC,生活家電,F-VXR-145,4900000000144,傷や汚れあり,20600,23000,4,https://example.invalid/bko/530,相場サイト 直近30日中央値,2026-08-18
BKO-00531,中古 コーヒーメーカー #146,DELONGHI,生活家電,ECAM-146,,新品,30140,36500,1,https://example.invalid/bko/531,,
BKO-00532,中古 電動アシスト自転車 バッテリー #147,YAMAHA,その他,X0T-82-147,,未使用に近い,20350,27000,1,https://example.invalid/bko/532,,
BKO-00533,中古 プロジェクター 小型 #148,EPSON,家電,EF-12-148,4900000000147,目立った傷や汚れなし,42925,46500,1,https://example.invalid/bko/533,,
BKO-00534,中古 マイク コンデンサー #149,AUDIOTECHNICA,オーディオ,AT2020-149,,やや傷や汚れあり,11478,14800,1,https://example.invalid/bko/534,相場サイト 直近30日中央値,2026-08-18
BKO-00535,中古 トートバッグ ナイロン #150,PRADA,バッグ,BR4001-150,,傷や汚れあり,45550,58500,1,https://example.invalid/bko/535,,
BKO-00536,中古 ノートパソコン 15型 #151,NEC,家電,PC-GN-151,4900000000150,新品,37700,41000,1,https://example.invalid/bko/536,,
BKO-00537,中古 電子レンジ #152,SHARP,生活家電,RE-SS-152,,未使用に近い,15520,19500,1,https://example.invalid/bko/537,,
BKO-00538,中古 掃除機 コードレス #153,DYSON,生活家電,V8-153,,目立った傷や汚れなし,19775,29000,1,https://example.invalid/bko/538,相場サイト 直近30日中央値,2026-08-18
BKO-00539,中古 炊飯器 5.5合 #154,ZOJIRUSHI,生活家電,NP-BK-154,4900000000153,やや傷や汚れあり,13000,15000,4,https://example.invalid/bko/539,,
BKO-00540,中古 液晶モニタ 24型 #155,IODATA,家電,LCD-MF-155,,傷や汚れあり,7950,11500,1,https://example.invalid/bko/540,,
BKO-00541,中古 コンパクトデジタルカメラ #156,CANON,カメラ,IXY650-156,,新品,8060,14000,1,https://example.invalid/bko/541,,
BKO-00542,中古 ミラーレス標準ズームレンズ #157,NIKON,カメラ,NIKKOR-Z-157,4900000000156,未使用に近い,24120,29500,1,https://example.invalid/bko/542,相場サイト 直近30日中央値,2026-08-18
BKO-00543,中古 ブルートゥーススピーカー #158,JBL,オーディオ,FLIP6-158,,目立った傷や汚れなし,9200,11000,1,https://example.invalid/bko/543,,
BKO-00544,中古 腕時計 ソーラー電波 #159,CASIO,時計,OCW-S-159,,やや傷や汚れあり,37550,48500,1,https://example.invalid/bko/544,,
BKO-00545,中古 ダウンジャケット #160,UNIQLO,アパレル,DWN-01-160,4900000000159,傷や汚れあり,5590,7200,1,https://example.invalid/bko/545,,
BKO-00546,中古 ランニングシューズ #161,ASICS,スニーカー,GEL-KAYANO-161,,新品,8430,12100,1,https://example.invalid/bko/546,相場サイト 直近30日中央値,2026-08-18
BKO-00547,中古 ビジネスバッグ 本革 #162,PORTER,バッグ,PT-BIZ-162,,未使用に近い,17670,22000,1,https://example.invalid/bko/547,,
BKO-00548,中古 二つ折り財布 #163,COACH,財布,CH-W2-163,4900000000162,目立った傷や汚れなし,12335,14300,4,https://example.invalid/bko/548,,
BKO-00549,中古 アコースティックギター #164,YAMAHA,楽器,FG830-164,,やや傷や汚れあり,23550,31000,1,https://example.invalid/bko/549,,
BKO-00550,中古 キーボード 61鍵 #165,CASIO,楽器,CT-S300-165,,傷や汚れあり,17275,19500,1,https://example.invalid/bko/550,相場サイト 直近30日中央値,2026-08-18
BKO-00551,中古 ゲームソフト 人気タイトル #166,NINTENDO,ゲームソフト,HAC-GEN-166,4900000000165,新品,7178,9800,1,https://example.invalid/bko/551,,
BKO-00552,中古 家庭用ゲーム機 旧型 #167,SONY,ゲーム機,CUH-2200-167,,未使用に近い,17550,23500,1,https://example.invalid/bko/552,,
BKO-00553,中古 タブレット 10型 #168,LENOVO,タブレット,TB-J606-168,,目立った傷や汚れなし,20600,23000,1,https://example.invalid/bko/553,,
BKO-00554,中古 スマートウォッチ #169,GARMIN,時計,FR-255-169,4900000000168,やや傷や汚れあり,25840,31500,1,https://example.invalid/bko/554,相場サイト 直近30日中央値,2026-08-18
BKO-00555,中古 空気清浄機 #170,PANASONIC,生活家電,F-VXR-170,,傷や汚れあり,20350,27000,1,https://example.invalid/bko/555,,
BKO-00556,中古 コーヒーメーカー #171,DELONGHI,生活家電,ECAM-171,,新品,29150,32000,1,https://example.invalid/bko/556,,
BKO-00557,中古 電動アシスト自転車 バッテリー #172,YAMAHA,その他,X0T-82-172,4900000000171,未使用に近い,18100,22500,4,https://example.invalid/bko/557,,
BKO-00558,中古 プロジェクター 小型 #173,EPSON,家電,EF-12-173,,目立った傷や汚れなし,29200,42000,1,https://example.invalid/bko/558,相場サイト 直近30日中央値,2026-08-18
BKO-00559,中古 マイク コンデンサー #174,AUDIOTECHNICA,オーディオ,AT2020-174,,やや傷や汚れあり,8535,10300,1,https://example.invalid/bko/559,,
BKO-00560,中古 トートバッグ ナイロン #175,PRADA,バッグ,BR4001-175,4900000000174,傷や汚れあり,41950,54000,1,https://example.invalid/bko/560,,
BKO-00561,中古 ノートパソコン 15型 #176,NEC,家電,PC-GN-176,,新品,23023,36500,1,https://example.invalid/bko/561,,
BKO-00562,中古 電子レンジ #177,SHARP,生活家電,RE-SS-177,,未使用に近い,11650,15000,1,https://example.invalid/bko/562,相場サイト 直近30日中央値,2026-08-18
BKO-00563,中古 掃除機 コードレス #178,DYSON,生活家電,V8-178,4900000000177,目立った傷や汚れなし,22025,24500,1,https://example.invalid/bko/563,,
BKO-00564,中古 炊飯器 5.5合 #179,ZOJIRUSHI,生活家電,NP-BK-179,,やや傷や汚れあり,13950,19000,1,https://example.invalid/bko/564,,
BKO-00565,中古 液晶モニタ 24型 #180,IODATA,家電,LCD-MF-180,,傷や汚れあり,13475,15500,1,https://example.invalid/bko/565,,
BKO-00566,中古 コンパクトデジタルカメラ #181,CANON,カメラ,IXY650-181,4900000000180,新品,13150,18000,4,https://example.invalid/bko/566,相場サイト 直近30日中央値,2026-08-18
BKO-00567,中古 ミラーレス標準ズームレンズ #182,NIKON,カメラ,NIKKOR-Z-182,,未使用に近い,27560,33500,1,https://example.invalid/bko/567,,
BKO-00568,中古 ブルートゥーススピーカー #183,JBL,オーディオ,FLIP6-183,,目立った傷や汚れなし,13000,15000,1,https://example.invalid/bko/568,,
BKO-00569,中古 腕時計 ソーラー電波 #184,CASIO,時計,OCW-S-184,4900000000183,やや傷や汚れあり,40750,52500,1,https://example.invalid/bko/569,,
BKO-00570,中古 ダウンジャケット #185,UNIQLO,アパレル,DWN-01-185,,傷や汚れあり,9390,11200,1,https://example.invalid/bko/570,相場サイト 直近30日中央値,2026-08-18
BKO-00571,中古 ランニングシューズ #186,ASICS,スニーカー,GEL-KAYANO-186,,新品,12596,16100,1,https://example.invalid/bko/571,,
BKO-00572,中古 ビジネスバッグ 本革 #187,PORTER,バッグ,PT-BIZ-187,4900000000186,未使用に近い,19550,26000,1,https://example.invalid/bko/572,,
BKO-00573,中古 二つ折り財布 #188,COACH,財布,CH-W2-188,,目立った傷や汚れなし,8060,9800,1,https://example.invalid/bko/573,,
BKO-00574,中古 アコースティックギター #189,YAMAHA,楽器,FG830-189,,やや傷や汚れあり,21540,26500,1,https://example.invalid/bko/574,相場サイト 直近30日中央値,2026-08-18
BKO-00575,中古 キーボード 61鍵 #190,CASIO,楽器,CT-S300-190,4900000000189,傷や汚れあり,10750,15000,4,https://example.invalid/bko/575,,
BKO-00576,中古 ゲームソフト 人気タイトル #191,NINTENDO,ゲームソフト,HAC-GEN-191,,新品,3785,5300,1,https://example.invalid/bko/576,,
BKO-00577,中古 家庭用ゲーム機 旧型 #192,SONY,ゲーム機,CUH-2200-192,,未使用に近い,15090,19000,1,https://example.invalid/bko/577,,
BKO-00578,中古 タブレット 10型 #193,LENOVO,タブレット,TB-J606-193,4900000000192,目立った傷や汚れなし,12163,18500,1,https://example.invalid/bko/578,相場サイト 直近30日中央値,2026-08-18
BKO-00579,中古 スマートウォッチ #194,GARMIN,時計,FR-255-194,,やや傷や汚れあり,24400,27000,1,https://example.invalid/bko/579,,
BKO-00580,中古 空気清浄機 #195,PANASONIC,生活家電,F-VXR-195,,傷や汚れあり,16750,22500,1,https://example.invalid/bko/580,,
BKO-00581,中古 コーヒーメーカー #196,DELONGHI,生活家電,ECAM-196,4900000000195,新品,22690,36000,1,https://example.invalid/bko/581,,
BKO-00582,中古 電動アシスト自転車 バッテリー #197,YAMAHA,その他,X0T-82-197,,未使用に近い,21540,26500,1,https://example.invalid/bko/582,相場サイト 直近30日中央値,2026-08-18
BKO-00583,中古 プロジェクター 小型 #198,EPSON,家電,EF-12-198,,目立った傷や汚れなし,42450,46000,1,https://example.invalid/bko/583,,
BKO-00584,中古 マイク コンデンサー #199,AUDIOTECHNICA,オーディオ,AT2020-199,4900000000198,やや傷や汚れあり,10190,14300,4,https://example.invalid/bko/584,,
BKO-00585,中古 トートバッグ ナイロン #200,PRADA,バッグ,BR4001-200,,傷や汚れあり,53850,58000,1,https://example.invalid/bko/585,,
BKO-00586,中古 ノートパソコン 15型 #201,NEC,家電,PC-GN-201,,新品,31150,40500,1,https://example.invalid/bko/586,相場サイト 直近30日中央値,2026-08-18
BKO-00587,中古 電子レンジ #202,SHARP,生活家電,RE-SS-202,4900000000201,未使用に近い,15090,19000,1,https://example.invalid/bko/587,,
BKO-00588,中古 掃除機 コードレス #203,DYSON,生活家電,V8-203,,目立った傷や汚れなし,25825,28500,1,https://example.invalid/bko/588,,
BKO-00589,中古 炊飯器 5.5合 #204,ZOJIRUSHI,生活家電,NP-BK-204,,やや傷や汚れあり,17150,23000,1,https://example.invalid/bko/589,,
BKO-00590,中古 液晶モニタ 24型 #205,IODATA,家電,LCD-MF-205,4900000000204,傷や汚れあり,9200,11000,1,https://example.invalid/bko/590,相場サイト 直近30日中央値,2026-08-18
BKO-00591,中古 コンパクトデジタルカメラ #206,CANON,カメラ,IXY650-206,,新品,10360,13500,1,https://example.invalid/bko/591,,
BKO-00592,中古 ミラーレス標準ズームレンズ #207,NIKON,カメラ,NIKKOR-Z-207,,未使用に近い,21950,29000,1,https://example.invalid/bko/592,,
BKO-00593,中古 ブルートゥーススピーカー #208,JBL,オーディオ,FLIP6-208,4900000000207,目立った傷や汚れなし,8725,10500,4,https://example.invalid/bko/593,,
BKO-00594,中古 腕時計 ソーラー電波 #209,CASIO,時計,OCW-S-209,,やや傷や汚れあり,40030,48000,1,https://example.invalid/bko/594,相場サイト 直近30日中央値,2026-08-18
BKO-00595,中古 ダウンジャケット #210,UNIQLO,アパレル,DWN-01-210,,傷や汚れあり,4110,6700,1,https://example.invalid/bko/595,,
BKO-00596,中古 ランニングシューズ #211,ASICS,スニーカー,GEL-KAYANO-211,4900000000210,新品,9770,11600,1,https://example.invalid/bko/596,,
BKO-00597,中古 ビジネスバッグ 本革 #212,PORTER,バッグ,PT-BIZ-212,,未使用に近い,17240,21500,1,https://example.invalid/bko/597,,
BKO-00598,中古 二つ折り財布 #213,COACH,財布,CH-W2-213,,目立った傷や汚れなし,8755,13800,1,https://example.invalid/bko/598,相場サイト 直近30日中央値,2026-08-18
BKO-00599,中古 アコースティックギター #214,YAMAHA,楽器,FG830-214,4900000000213,やや傷や汚れあり,27725,30500,1,https://example.invalid/bko/599,,
BKO-00600,中古 キーボード 61鍵 #215,CASIO,楽器,CT-S300-215,,傷や汚れあり,13950,19000,1,https://example.invalid/bko/600,,
BKO-00601,中古 ゲームソフト 人気タイトル #216,NINTENDO,ゲームソフト,HAC-GEN-216,,新品,4935,9300,1,https://example.invalid/bko/601,,
BKO-00602,中古 家庭用ゲーム機 旧型 #217,SONY,ゲーム機,CUH-2200-217,4900000000216,未使用に近い,18530,23000,4,https://example.invalid/bko/602,相場サイト 直近30日中央値,2026-08-18
BKO-00603,中古 タブレット 10型 #218,LENOVO,タブレット,TB-J606-218,,目立った傷や汚れなし,20125,22500,1,https://example.invalid/bko/603,,
BKO-00604,中古 スマートウォッチ #219,GARMIN,時計,FR-255-219,,やや傷や汚れあり,23550,31000,1,https://example.invalid/bko/604,,
BKO-00605,中古 空気清浄機 #220,PANASONIC,生活家電,F-VXR-220,4900000000219,傷や汚れあり,23925,26500,1,https://example.invalid/bko/605,,
BKO-00606,中古 コーヒーメーカー #221,DELONGHI,生活家電,ECAM-221,,新品,30750,40000,1,https://example.invalid/bko/606,相場サイト 直近30日中央値,2026-08-18
BKO-00607,中古 電動アシスト自転車 バッテリー #222,YAMAHA,その他,X0T-82-222,,未使用に近い,17670,22000,1,https://example.invalid/bko/607,,
BKO-00608,中古 プロジェクター 小型 #223,EPSON,家電,EF-12-223,4900000000222,目立った傷や汚れなし,38175,41500,1,https://example.invalid/bko/608,,
BKO-00609,中古 マイク コンデンサー #224,AUDIOTECHNICA,オーディオ,AT2020-224,,やや傷や汚れあり,6590,9800,1,https://example.invalid/bko/609,,
BKO-00610,中古 トートバッグ ナイロン #225,PRADA,バッグ,BR4001-225,,傷や汚れあり,49575,53500,1,https://example.invalid/bko/610,相場サイト 直近30日中央値,2026-08-18
BKO-00611,中古 ノートパソコン 15型 #226,NEC,家電,PC-GN-226,4900000000225,新品,29710,36000,4,https://example.invalid/bko/611,,
BKO-00612,中古 電子レンジ #227,SHARP,生活家電,RE-SS-227,,未使用に近い,10350,14500,1,https://example.invalid/bko/612,,
BKO-00613,中古 掃除機 コードレス #228,DYSON,生活家電,V8-228,,目立った傷や汚れなし,21550,24000,1,https://example.invalid/bko/613,,
BKO-00614,中古 炊飯器 5.5合 #229,ZOJIRUSHI,生活家電,NP-BK-229,4900000000228,やや傷や汚れあり,14660,18500,1,https://example.invalid/bko/614,相場サイト 直近30日中央値,2026-08-18
BKO-00615,中古 液晶モニタ 24型 #230,IODATA,家電,LCD-MF-230,,傷や汚れあり,10750,15000,1,https://example.invalid/bko/615,,
BKO-00616,中古 コンパクトデジタルカメラ #231,CANON,カメラ,IXY650-231,,新品,15375,17500,1,https://example.invalid/bko/616,,
BKO-00617,中古 ミラーレス標準ズームレンズ #232,NIKON,カメラ,NIKKOR-Z-232,4900000000231,未使用に近い,27130,33000,1,https://example.invalid/bko/617,,
BKO-00618,中古 ブルートゥーススピーカー #233,JBL,オーディオ,FLIP6-233,,目立った傷や汚れなし,9263,14500,1,https://example.invalid/bko/618,相場サイト 直近30日中央値,2026-08-18
BKO-00619,中古 腕時計 ソーラー電波 #234,CASIO,時計,OCW-S-234,,やや傷や汚れあり,48150,52000,1,https://example.invalid/bko/619,,
BKO-00620,中古 ダウンジャケット #235,UNIQLO,アパレル,DWN-01-235,4900000000234,傷や汚れあり,7310,10700,4,https://example.invalid/bko/620,,
BKO-00621,中古 ランニングシューズ #236,ASICS,スニーカー,GEL-KAYANO-236,,新品,9124,15600,1,https://example.invalid/bko/621,,
BKO-00622,中古 ビジネスバッグ 本革 #237,PORTER,バッグ,PT-BIZ-237,,未使用に近い,20680,25500,1,https://example.invalid/bko/622,相場サイト 直近30日中央値,2026-08-18
BKO-00623,中古 二つ折り財布 #238,COACH,財布,CH-W2-238,4900000000237,目立った傷や汚れなし,15660,17800,1,https://example.invalid/bko/623,,
BKO-00624,中古 アコースティックギター #239,YAMAHA,楽器,FG830-239,,やや傷や汚れあり,19550,26000,1,https://example.invalid/bko/624,,
BKO-00625,中古 キーボード 61鍵 #240,CASIO,楽器,CT-S300-240,,傷や汚れあり,12525,14500,1,https://example.invalid/bko/625,,
BKO-00626,中古 ゲームソフト 人気タイトル #241,NINTENDO,ゲームソフト,HAC-GEN-241,4900000000240,新品,2590,4800,1,https://example.invalid/bko/626,相場サイト 直近30日中央値,2026-08-18
BKO-00627,中古 家庭用ゲーム機 旧型 #242,SONY,ゲーム機,CUH-2200-242,,未使用に近い,14660,18500,1,https://example.invalid/bko/627,,
BKO-00628,中古 タブレット 10型 #243,LENOVO,タブレット,TB-J606-243,,目立った傷や汚れなし,15850,18000,1,https://example.invalid/bko/628,,
BKO-00629,中古 スマートウォッチ #244,GARMIN,時計,FR-255-244,4900000000243,やや傷や汚れあり,19950,26500,4,https://example.invalid/bko/629,,
BKO-00630,中古 空気清浄機 #245,PANASONIC,生活家電,F-VXR-245,,傷や汚れあり,19650,22000,1,https://example.invalid/bko/630,相場サイト 直近30日中央値,2026-08-18
BKO-00631,中古 コーヒーメーカー #246,DELONGHI,生活家電,ECAM-246,,新品,29280,35500,1,https://example.invalid/bko/631,,
BKO-00632,中古 電動アシスト自転車 バッテリー #247,YAMAHA,その他,X0T-82-247,4900000000246,未使用に近い,19550,26000,1,https://example.invalid/bko/632,,
BKO-00633,中古 プロジェクター 小型 #248,EPSON,家電,EF-12-248,,目立った傷や汚れなし,41975,45500,1,https://example.invalid/bko/633,,
BKO-00634,中古 マイク コンデンサー #249,AUDIOTECHNICA,オーディオ,AT2020-249,,やや傷や汚れあり,10618,13800,1,https://example.invalid/bko/634,相場サイト 直近30日中央値,2026-08-18
BKO-00635,中古 トートバッグ ナイロン #250,PRADA,バッグ,BR4001-250,4900000000249,傷や汚れあり,44750,57500,1,https://example.invalid/bko/635,,
BKO-00636,中古 ノートパソコン 15型 #251,NEC,家電,PC-GN-251,,新品,36750,40000,1,https://example.invalid/bko/636,,
BKO-00637,中古 電子レンジ #252,SHARP,生活家電,RE-SS-252,,未使用に近い,14660,18500,1,https://example.invalid/bko/637,,
BKO-00638,中古 掃除機 コードレス #253,DYSON,生活家電,V8-253,4900000000252,目立った傷や汚れなし,19050,28000,4,https://example.invalid/bko/638,相場サイト 直近30日中央値,2026-08-18
BKO-00639,中古 炊飯器 5.5合 #254,ZOJIRUSHI,生活家電,NP-BK-254,,やや傷や汚れあり,20125,22500,1,https://example.invalid/bko/639,,
BKO-00640,中古 液晶モニタ 24型 #255,IODATA,家電,LCD-MF-255,,傷や汚れあり,13950,19000,1,https://example.invalid/bko/640,,
BKO-00641,中古 コンパクトデジタルカメラ #256,CANON,カメラ,IXY650-256,4900000000255,新品,7395,13000,1,https://example.invalid/bko/641,,
BKO-00642,中古 ミラーレス標準ズームレンズ #257,NIKON,カメラ,NIKKOR-Z-257,,未使用に近い,23260,28500,1,https://example.invalid/bko/642,相場サイト 直近30日中央値,2026-08-18
BKO-00643,中古 ブルートゥーススピーカー #258,JBL,オーディオ,FLIP6-258,,目立った傷や汚れなし,8250,10000,1,https://example.invalid/bko/643,,
BKO-00644,中古 腕時計 ソーラー電波 #259,CASIO,時計,OCW-S-259,4900000000258,やや傷や汚れあり,36750,47500,1,https://example.invalid/bko/644,,
BKO-00645,中古 ダウンジャケット #260,UNIQLO,アパレル,DWN-01-260,,傷や汚れあり,4640,6200,1,https://example.invalid/bko/645,,
BKO-00646,中古 ランニングシューズ #261,ASICS,スニーカー,GEL-KAYANO-261,,新品,7630,11100,1,https://example.invalid/bko/646,相場サイト 直近30日中央値,2026-08-18
BKO-00647,中古 ビジネスバッグ 本革 #262,PORTER,バッグ,PT-BIZ-262,4900000000261,未使用に近い,16810,21000,4,https://example.invalid/bko/647,,
BKO-00648,中古 二つ折り財布 #263,COACH,財布,CH-W2-263,,目立った傷や汚れなし,11385,13300,1,https://example.invalid/bko/648,,
BKO-00649,中古 アコースティックギター #264,YAMAHA,楽器,FG830-264,,やや傷や汚れあり,22750,30000,1,https://example.invalid/bko/649,,
BKO-00650,中古 キーボード 61鍵 #265,CASIO,楽器,CT-S300-265,4900000000264,傷や汚れあり,16325,18500,1,https://example.invalid/bko/650,相場サイト 直近30日中央値,2026-08-18
BKO-00651,中古 ゲームソフト 人気タイトル #266,NINTENDO,ゲームソフト,HAC-GEN-266,,新品,6318,8800,1,https://example.invalid/bko/651,,
BKO-00652,中古 家庭用ゲーム機 旧型 #267,SONY,ゲーム機,CUH-2200-267,,未使用に近い,16750,22500,1,https://example.invalid/bko/652,,
BKO-00653,中古 タブレット 10型 #268,LENOVO,タブレット,TB-J606-268,4900000000267,目立った傷や汚れなし,19650,22000,1,https://example.invalid/bko/653,,
BKO-00654,中古 スマートウォッチ #269,GARMIN,時計,FR-255-269,,やや傷や汚れあり,24980,30500,1,https://example.invalid/bko/654,相場サイト 直近30日中央値,2026-08-18
BKO-00655,中古 空気清浄機 #270,PANASONIC,生活家電,F-VXR-270,,傷や汚れあり,19550,26000,1,https://example.invalid/bko/655,,
BKO-00656,中古 コーヒーメーカー #271,DELONGHI,生活家電,ECAM-271,4900000000270,新品,36275,39500,4,https://example.invalid/bko/656,,
BKO-00657,中古 電動アシスト自転車 バッテリー #272,YAMAHA,その他,X0T-82-272,,未使用に近い,24550,30000,1,https://example.invalid/bko/657,,
BKO-00658,中古 プロジェクター 小型 #273,EPSON,家電,EF-12-273,,目立った傷や汚れなし,28475,41000,1,https://example.invalid/bko/658,相場サイト 直近30日中央値,2026-08-18
BKO-00659,中古 マイク コンデンサー #274,AUDIOTECHNICA,オーディオ,AT2020-274,4900000000273,やや傷や汚れあり,7585,9300,1,https://example.invalid/bko/659,,
BKO-00660,中古 トートバッグ ナイロン #275,PRADA,バッグ,BR4001-275,,傷や汚れあり,41150,53000,1,https://example.invalid/bko/660,,
BKO-00661,中古 ノートパソコン 15型 #276,NEC,家電,PC-GN-276,,新品,22358,35500,1,https://example.invalid/bko/661,,
BKO-00662,中古 電子レンジ #277,SHARP,生活家電,RE-SS-277,4900000000276,未使用に近い,10790,14000,1,https://example.invalid/bko/662,相場サイト 直近30日中央値,2026-08-18
BKO-00663,中古 掃除機 コードレス #278,DYSON,生活家電,V8-278,,目立った傷や汚れなし,21075,23500,1,https://example.invalid/bko/663,,
BKO-00664,中古 炊飯器 5.5合 #279,ZOJIRUSHI,生活家電,NP-BK-279,,やや傷や汚れあり,13150,18000,1,https://example.invalid/bko/664,,
BKO-00665,中古 液晶モニタ 24型 #280,IODATA,家電,LCD-MF-280,4900000000279,傷や汚れあり,12525,14500,4,https://example.invalid/bko/665,,
BKO-00666,中古 コンパクトデジタルカメラ #281,CANON,カメラ,IXY650-281,,新品,12350,17000,1,https://example.invalid/bko/666,相場サイト 直近30日中央値,2026-08-18
BKO-00667,中古 ミラーレス標準ズームレンズ #282,NIKON,カメラ,NIKKOR-Z-282,,未使用に近い,26700,32500,1,https://example.invalid/bko/667,,
BKO-00668,中古 ブルートゥーススピーカー #283,JBL,オーディオ,FLIP6-283,4900000000282,目立った傷や汚れなし,12050,14000,1,https://example.invalid/bko/668,,
BKO-00669,中古 腕時計 ソーラー電波 #284,CASIO,時計,OCW-S-284,,やや傷や汚れあり,39950,51500,1,https://example.invalid/bko/669,,
BKO-00670,中古 ダウンジャケット #285,UNIQLO,アパレル,DWN-01-285,,傷や汚れあり,8440,10200,1,https://example.invalid/bko/670,相場サイト 直近30日中央値,2026-08-18
BKO-00671,中古 ランニングシューズ #286,ASICS,スニーカー,GEL-KAYANO-286,4900000000285,新品,11736,15100,1,https://example.invalid/bko/671,,
BKO-00672,中古 ビジネスバッグ 本革 #287,PORTER,バッグ,PT-BIZ-287,,未使用に近い,18750,25000,1,https://example.invalid/bko/672,,
BKO-00673,中古 二つ折り財布 #288,COACH,財布,CH-W2-288,,目立った傷や汚れなし,15185,17300,1,https://example.invalid/bko/673,,
BKO-00674,中古 アコースティックギター #289,YAMAHA,楽器,FG830-289,4900000000288,やや傷や汚れあり,27990,34000,4,https://example.invalid/bko/674,相場サイト 直近30日中央値,2026-08-18
BKO-00675,中古 キーボード 61鍵 #290,CASIO,楽器,CT-S300-290,,傷や汚れあり,9950,14000,1,https://example.invalid/bko/675,,
BKO-00676,中古 ゲームソフト 人気タイトル #291,NINTENDO,ゲームソフト,HAC-GEN-291,,新品,2835,4300,1,https://example.invalid/bko/676,,
BKO-00677,中古 家庭用ゲーム機 旧型 #292,SONY,ゲーム機,CUH-2200-292,4900000000291,未使用に近い,14230,18000,1,https://example.invalid/bko/677,,
BKO-00678,中古 タブレット 10型 #293,LENOVO,タブレット,TB-J606-293,,目立った傷や汚れなし,11438,17500,1,https://example.invalid/bko/678,相場サイト 直近30日中央値,2026-08-18
BKO-00679,中古 スマートウォッチ #294,GARMIN,時計,FR-255-294,,やや傷や汚れあり,23450,26000,1,https://example.invalid/bko/679,,
BKO-00680,中古 空気清浄機 #295,PANASONIC,生活家電,F-VXR-295,4900000000294,傷や汚れあり,15950,21500,1,https://example.invalid/bko/680,,
BKO-00681,中古 コーヒーメーカー #296,DELONGHI,生活家電,ECAM-296,,新品,22025,35000,1,https://example.invalid/bko/681,,
BKO-00682,中古 電動アシスト自転車 バッテリー #297,YAMAHA,その他,X0T-82-297,,未使用に近い,20680,25500,1,https://example.invalid/bko/682,相場サイト 直近30日中央値,2026-08-18
BKO-00683,中古 プロジェクター 小型 #298,EPSON,家電,EF-12-298,4900000000297,目立った傷や汚れなし,41500,45000,4,https://example.invalid/bko/683,,
BKO-00684,中古 マイク コンデンサー #299,AUDIOTECHNICA,オーディオ,AT2020-299,,やや傷や汚れあり,9390,13300,1,https://example.invalid/bko/684,,
BKO-00685,中古 トートバッグ ナイロン #300,PRADA,バッグ,BR4001-300,,傷や汚れあり,52900,57000,1,https://example.invalid/bko/685,,
