市場,区分,ブランド,型番,JAN,価格,価格の種類,成約件数,出品件数,平均売却日数,価格ばらつき,取得日
MERCARI,SELL,LOUIS VUITTON,M41526,,98000,成約,14,30,12,0.08,2026-08-20
RAKUMA,SELL,LOUIS VUITTON,M41526,,94080,成約,6,22,18,0.09,2026-08-20
YAHUOKU,SELL,LOUIS VUITTON,M41526,,91140,成約,9,26,10,0.14,2026-08-20
AMAZON,SELL,LOUIS VUITTON,M41526,,109760,出品,3,12,25,0.06,2026-08-20
EBAY,SELL,LOUIS VUITTON,M41526,,127400,出品,2,9,40,0.2,2026-08-20
OWN_EC,SELL,LOUIS VUITTON,M41526,,102900,出品,,1,30,0.05,2026-08-20
MERCARI,BUY,LOUIS VUITTON,M41526,,70560,出品,,30,,0.08,2026-08-20
YAHUOKU,BUY,LOUIS VUITTON,M41526,,66640,出品,,26,,0.14,2026-08-20
MERCARI,SELL,GUCCI,446744,,148000,成約,14,30,12,0.08,2026-08-20
RAKUMA,SELL,GUCCI,446744,,142080,成約,6,22,18,0.09,2026-08-20
YAHUOKU,SELL,GUCCI,446744,,137640,成約,9,26,10,0.14,2026-08-20
AMAZON,SELL,GUCCI,446744,,165760,出品,3,12,25,0.06,2026-08-20
EBAY,SELL,GUCCI,446744,,192400,出品,2,9,40,0.2,2026-08-20
OWN_EC,SELL,GUCCI,446744,,155400,出品,,1,30,0.05,2026-08-20
MERCARI,BUY,GUCCI,446744,,106560,出品,,30,,0.08,2026-08-20
YAHUOKU,BUY,GUCCI,446744,,100640,出品,,26,,0.14,2026-08-20
MERCARI,SELL,ROLEX,126234,,1180000,成約,14,30,12,0.08,2026-08-20
RAKUMA,SELL,ROLEX,126234,,1132800,成約,6,22,18,0.09,2026-08-20
YAHUOKU,SELL,ROLEX,126234,,1097400,成約,9,26,10,0.14,2026-08-20
AMAZON,SELL,ROLEX,126234,,1321600,出品,3,12,25,0.06,2026-08-20
EBAY,SELL,ROLEX,126234,,1534000,出品,2,9,40,0.2,2026-08-20
OWN_EC,SELL,ROLEX,126234,,1239000,出品,,1,30,0.05,2026-08-20
MERCARI,BUY,ROLEX,126234,,849600,出品,,30,,0.08,2026-08-20
YAHUOKU,BUY,ROLEX,126234,,802400,出品,,26,,0.14,2026-08-20
MERCARI,SELL,LOUIS VUITTON,N60015,,62000,成約,14,30,12,0.08,2026-08-20
RAKUMA,SELL,LOUIS VUITTON,N60015,,59520,成約,6,22,18,0.09,2026-08-20
YAHUOKU,SELL,LOUIS VUITTON,N60015,,57660,成約,9,26,10,0.14,2026-08-20
AMAZON,SELL,LOUIS VUITTON,N60015,,69440,出品,3,12,25,0.06,2026-08-20
EBAY,SELL,LOUIS VUITTON,N60015,,80600,出品,2,9,40,0.2,2026-08-20
OWN_EC,SELL,LOUIS VUITTON,N60015,,65100,出品,,1,30,0.05,2026-08-20
MERCARI,BUY,LOUIS VUITTON,N60015,,44640,出品,,30,,0.08,2026-08-20
YAHUOKU,BUY,LOUIS VUITTON,N60015,,42160,出品,,26,,0.14,2026-08-20
MERCARI,SELL,CHANEL,A88429,,88000,成約,14,30,12,0.08,2026-08-20
RAKUMA,SELL,CHANEL,A88429,,84480,成約,6,22,18,0.09,2026-08-20
YAHUOKU,SELL,CHANEL,A88429,,81840,成約,9,26,10,0.14,2026-08-20
AMAZON,SELL,CHANEL,A88429,,98560,出品,3,12,25,0.06,2026-08-20
EBAY,SELL,CHANEL,A88429,,114400,出品,2,9,40,0.2,2026-08-20
OWN_EC,SELL,CHANEL,A88429,,92400,出品,,1,30,0.05,2026-08-20
MERCARI,BUY,CHANEL,A88429,,63360,出品,,30,,0.08,2026-08-20
YAHUOKU,BUY,CHANEL,A88429,,59840,出品,,26,,0.14,2026-08-20
MERCARI,SELL,SHARP,RE-SS-2,,12500,成約,14,30,12,0.08,2026-08-20
RAKUMA,SELL,SHARP,RE-SS-2,,12000,成約,6,22,18,0.09,2026-08-20
YAHUOKU,SELL,SHARP,RE-SS-2,,11625,成約,9,26,10,0.14,2026-08-20
AMAZON,SELL,SHARP,RE-SS-2,,14000,出品,3,12,25,0.06,2026-08-20
EBAY,SELL,SHARP,RE-SS-2,,16250,出品,2,9,40,0.2,2026-08-20
OWN_EC,SELL,SHARP,RE-SS-2,,13125,出品,,1,30,0.05,2026-08-20
MERCARI,BUY,SHARP,RE-SS-2,,9000,出品,,30,,0.08,2026-08-20
YAHUOKU,BUY,SHARP,RE-SS-2,,8500,出品,,26,,0.14,2026-08-20
MERCARI,SELL,UNIQLO,DWN-01-10,,8700,成約,14,30,12,0.08,2026-08-20
RAKUMA,SELL,UNIQLO,DWN-01-10,,8352,成約,6,22,18,0.09,2026-08-20
YAHUOKU,SELL,UNIQLO,DWN-01-10,,8091,成約,9,26,10,0.14,2026-08-20
AMAZON,SELL,UNIQLO,DWN-01-10,,9744,出品,3,12,25,0.06,2026-08-20
EBAY,SELL,UNIQLO,DWN-01-10,,11310,出品,2,9,40,0.2,2026-08-20
OWN_EC,SELL,UNIQLO,DWN-01-10,,9135,出品,,1,30,0.05,2026-08-20
MERCARI,BUY,UNIQLO,DWN-01-10,,6264,出品,,30,,0.08,2026-08-20
YAHUOKU,BUY,UNIQLO,DWN-01-10,,5916,出品,,26,,0.14,2026-08-20
MERCARI,SELL,LENOVO,TB-J606-18,,16000,成約,14,30,12,0.08,2026-08-20
RAKUMA,SELL,LENOVO,TB-J606-18,,15360,成約,6,22,18,0.09,2026-08-20
YAHUOKU,SELL,LENOVO,TB-J606-18,,14880,成約,9,26,10,0.14,2026-08-20
AMAZON,SELL,LENOVO,TB-J606-18,,17920,出品,3,12,25,0.06,2026-08-20
EBAY,SELL,LENOVO,TB-J606-18,,20800,出品,2,9,40,0.2,2026-08-20
OWN_EC,SELL,LENOVO,TB-J606-18,,16800,出品,,1,30,0.05,2026-08-20
MERCARI,BUY,LENOVO,TB-J606-18,,11520,出品,,30,,0.08,2026-08-20
YAHUOKU,BUY,LENOVO,TB-J606-18,,10880,出品,,26,,0.14,2026-08-20
MERCARI,SELL,NEC,PC-GN-26,,38000,成約,14,30,12,0.08,2026-08-20
RAKUMA,SELL,NEC,PC-GN-26,,36480,成約,6,22,18,0.09,2026-08-20
YAHUOKU,SELL,NEC,PC-GN-26,,35340,成約,9,26,10,0.14,2026-08-20
AMAZON,SELL,NEC,PC-GN-26,,42560,出品,3,12,25,0.06,2026-08-20
EBAY,SELL,NEC,PC-GN-26,,49400,出品,2,9,40,0.2,2026-08-20
OWN_EC,SELL,NEC,PC-GN-26,,39900,出品,,1,30,0.05,2026-08-20
MERCARI,BUY,NEC,PC-GN-26,,27360,出品,,30,,0.08,2026-08-20
YAHUOKU,BUY,NEC,PC-GN-26,,25840,出品,,26,,0.14,2026-08-20
MERCARI,SELL,CASIO,OCW-S-34,,54000,成約,14,30,12,0.08,2026-08-20
RAKUMA,SELL,CASIO,OCW-S-34,,51840,成約,6,22,18,0.09,2026-08-20
YAHUOKU,SELL,CASIO,OCW-S-34,,50220,成約,9,26,10,0.14,2026-08-20
AMAZON,SELL,CASIO,OCW-S-34,,60480,出品,3,12,25,0.06,2026-08-20
EBAY,SELL,CASIO,OCW-S-34,,70200,出品,2,9,40,0.2,2026-08-20
OWN_EC,SELL,CASIO,OCW-S-34,,56700,出品,,1,30,0.05,2026-08-20
MERCARI,BUY,CASIO,OCW-S-34,,38880,出品,,30,,0.08,2026-08-20
YAHUOKU,BUY,CASIO,OCW-S-34,,36720,出品,,26,,0.14,2026-08-20
MERCARI,SELL,SONY,CUH-2200-42,,20500,成約,14,30,12,0.08,2026-08-20
RAKUMA,SELL,SONY,CUH-2200-42,,19680,成約,6,22,18,0.09,2026-08-20
YAHUOKU,SELL,SONY,CUH-2200-42,,19065,成約,9,26,10,0.14,2026-08-20
AMAZON,SELL,SONY,CUH-2200-42,,22960,出品,3,12,25,0.06,2026-08-20
EBAY,SELL,SONY,CUH-2200-42,,26650,出品,2,9,40,0.2,2026-08-20
OWN_EC,SELL,SONY,CUH-2200-42,,21525,出品,,1,30,0.05,2026-08-20
MERCARI,BUY,SONY,CUH-2200-42,,14760,出品,,30,,0.08,2026-08-20
YAHUOKU,BUY,SONY,CUH-2200-42,,13940,出品,,26,,0.14,2026-08-20
MERCARI,SELL,PRADA,BR4001-50,,59500,成約,14,30,12,0.08,2026-08-20
RAKUMA,SELL,PRADA,BR4001-50,,57120,成約,6,22,18,0.09,2026-08-20
YAHUOKU,SELL,PRADA,BR4001-50,,55335,成約,9,26,10,0.14,2026-08-20
AMAZON,SELL,PRADA,BR4001-50,,66640,出品,3,12,25,0.06,2026-08-20
EBAY,SELL,PRADA,BR4001-50,,77350,出品,2,9,40,0.2,2026-08-20
OWN_EC,SELL,PRADA,BR4001-50,,62475,出品,,1,30,0.05,2026-08-20
MERCARI,BUY,PRADA,BR4001-50,,42840,出品,,30,,0.08,2026-08-20
YAHUOKU,BUY,PRADA,BR4001-50,,40460,出品,,26,,0.14,2026-08-20
MERCARI,SELL,JBL,FLIP6-58,,12000,成約,14,30,12,0.08,2026-08-20
RAKUMA,SELL,JBL,FLIP6-58,,11520,成約,6,22,18,0.09,2026-08-20
YAHUOKU,SELL,JBL,FLIP6-58,,11160,成約,9,26,10,0.14,2026-08-20
AMAZON,SELL,JBL,FLIP6-58,,13440,出品,3,12,25,0.06,2026-08-20
EBAY,SELL,JBL,FLIP6-58,,15600,出品,2,9,40,0.2,2026-08-20
OWN_EC,SELL,JBL,FLIP6-58,,12600,出品,,1,30,0.05,2026-08-20
MERCARI,BUY,JBL,FLIP6-58,,8640,出品,,30,,0.08,2026-08-20
YAHUOKU,BUY,JBL,FLIP6-58,,8160,出品,,26,,0.14,2026-08-20
MERCARI,SELL,NINTENDO,HAC-GEN-66,,10800,成約,14,30,12,0.08,2026-08-20
RAKUMA,SELL,NINTENDO,HAC-GEN-66,,10368,成約,6,22,18,0.09,2026-08-20
YAHUOKU,SELL,NINTENDO,HAC-GEN-66,,10044,成約,9,26,10,0.14,2026-08-20
AMAZON,SELL,NINTENDO,HAC-GEN-66,,12096,出品,3,12,25,0.06,2026-08-20
EBAY,SELL,NINTENDO,HAC-GEN-66,,14040,出品,2,9,40,0.2,2026-08-20
OWN_EC,SELL,NINTENDO,HAC-GEN-66,,11340,出品,,1,30,0.05,2026-08-20
MERCARI,BUY,NINTENDO,HAC-GEN-66,,7776,出品,,30,,0.08,2026-08-20
YAHUOKU,BUY,NINTENDO,HAC-GEN-66,,7344,出品,,26,,0.14,2026-08-20
MERCARI,SELL,AUDIOTECHNICA,AT2020-74,,11300,成約,14,30,12,0.08,2026-08-20
RAKUMA,SELL,AUDIOTECHNICA,AT2020-74,,10848,成約,6,22,18,0.09,2026-08-20
YAHUOKU,SELL,AUDIOTECHNICA,AT2020-74,,10509,成約,9,26,10,0.14,2026-08-20
AMAZON,SELL,AUDIOTECHNICA,AT2020-74,,12656,出品,3,12,25,0.06,2026-08-20
EBAY,SELL,AUDIOTECHNICA,AT2020-74,,14690,出品,2,9,40,0.2,2026-08-20
OWN_EC,SELL,AUDIOTECHNICA,AT2020-74,,11865,出品,,1,30,0.05,2026-08-20
MERCARI,BUY,AUDIOTECHNICA,AT2020-74,,8136,出品,,30,,0.08,2026-08-20
YAHUOKU,BUY,AUDIOTECHNICA,AT2020-74,,7684,出品,,26,,0.14,2026-08-20
MERCARI,SELL,NIKON,NIKKOR-Z-82,,34500,成約,14,30,12,0.08,2026-08-20
RAKUMA,SELL,NIKON,NIKKOR-Z-82,,33120,成約,6,22,18,0.09,2026-08-20
YAHUOKU,SELL,NIKON,NIKKOR-Z-82,,32085,成約,9,26,10,0.14,2026-08-20
AMAZON,SELL,NIKON,NIKKOR-Z-82,,38640,出品,3,12,25,0.06,2026-08-20
EBAY,SELL,NIKON,NIKKOR-Z-82,,44850,出品,2,9,40,0.2,2026-08-20
OWN_EC,SELL,NIKON,NIKKOR-Z-82,,36225,出品,,1,30,0.05,2026-08-20
MERCARI,BUY,NIKON,NIKKOR-Z-82,,24840,出品,,30,,0.08,2026-08-20
YAHUOKU,BUY,NIKON,NIKKOR-Z-82,,23460,出品,,26,,0.14,2026-08-20
MERCARI,SELL,CASIO,CT-S300-90,,16000,成約,14,30,12,0.08,2026-08-20
RAKUMA,SELL,CASIO,CT-S300-90,,15360,成約,6,22,18,0.09,2026-08-20
YAHUOKU,SELL,CASIO,CT-S300-90,,14880,成約,9,26,10,0.14,2026-08-20
AMAZON,SELL,CASIO,CT-S300-90,,17920,出品,3,12,25,0.06,2026-08-20
EBAY,SELL,CASIO,CT-S300-90,,20800,出品,2,9,40,0.2,2026-08-20
OWN_EC,SELL,CASIO,CT-S300-90,,16800,出品,,1,30,0.05,2026-08-20
MERCARI,BUY,CASIO,CT-S300-90,,11520,出品,,30,,0.08,2026-08-20
YAHUOKU,BUY,CASIO,CT-S300-90,,10880,出品,,26,,0.14,2026-08-20
MERCARI,SELL,EPSON,EF-12-98,,47000,成約,14,30,12,0.08,2026-08-20
RAKUMA,SELL,EPSON,EF-12-98,,45120,成約,6,22,18,0.09,2026-08-20
YAHUOKU,SELL,EPSON,EF-12-98,,43710,成約,9,26,10,0.14,2026-08-20
AMAZON,SELL,EPSON,EF-12-98,,52640,出品,3,12,25,0.06,2026-08-20
EBAY,SELL,EPSON,EF-12-98,,61100,出品,2,9,40,0.2,2026-08-20
OWN_EC,SELL,EPSON,EF-12-98,,49350,出品,,1,30,0.05,2026-08-20
MERCARI,BUY,EPSON,EF-12-98,,33840,出品,,30,,0.08,2026-08-20
YAHUOKU,BUY,EPSON,EF-12-98,,31960,出品,,26,,0.14,2026-08-20
MERCARI,SELL,CANON,IXY650-106,,14500,成約,14,30,12,0.08,2026-08-20
RAKUMA,SELL,CANON,IXY650-106,,13920,成約,6,22,18,0.09,2026-08-20
YAHUOKU,SELL,CANON,IXY650-106,,13485,成約,9,26,10,0.14,2026-08-20
AMAZON,SELL,CANON,IXY650-106,,16240,出品,3,12,25,0.06,2026-08-20
EBAY,SELL,CANON,IXY650-106,,18850,出品,2,9,40,0.2,2026-08-20
OWN_EC,SELL,CANON,IXY650-106,,15225,出品,,1,30,0.05,2026-08-20
MERCARI,BUY,CANON,IXY650-106,,10440,出品,,30,,0.08,2026-08-20
YAHUOKU,BUY,CANON,IXY650-106,,9860,出品,,26,,0.14,2026-08-20
MERCARI,SELL,YAMAHA,FG830-114,,31500,成約,14,30,12,0.08,2026-08-20
RAKUMA,SELL,YAMAHA,FG830-114,,30240,成約,6,22,18,0.09,2026-08-20
YAHUOKU,SELL,YAMAHA,FG830-114,,29295,成約,9,26,10,0.14,2026-08-20
AMAZON,SELL,YAMAHA,FG830-114,,35280,出品,3,12,25,0.06,2026-08-20
EBAY,SELL,YAMAHA,FG830-114,,40950,出品,2,9,40,0.2,2026-08-20
OWN_EC,SELL,YAMAHA,FG830-114,,33075,出品,,1,30,0.05,2026-08-20
MERCARI,BUY,YAMAHA,FG830-114,,22680,出品,,30,,0.08,2026-08-20
YAHUOKU,BUY,YAMAHA,FG830-114,,21420,出品,,26,,0.14,2026-08-20
MERCARI,SELL,YAMAHA,X0T-82-122,,23000,成約,14,30,12,0.08,2026-08-20
RAKUMA,SELL,YAMAHA,X0T-82-122,,22080,成約,6,22,18,0.09,2026-08-20
YAHUOKU,SELL,YAMAHA,X0T-82-122,,21390,成約,9,26,10,0.14,2026-08-20
AMAZON,SELL,YAMAHA,X0T-82-122,,25760,出品,3,12,25,0.06,2026-08-20
EBAY,SELL,YAMAHA,X0T-82-122,,29900,出品,2,9,40,0.2,2026-08-20
OWN_EC,SELL,YAMAHA,X0T-82-122,,24150,出品,,1,30,0.05,2026-08-20
MERCARI,BUY,YAMAHA,X0T-82-122,,16560,出品,,30,,0.08,2026-08-20
YAHUOKU,BUY,YAMAHA,X0T-82-122,,15640,出品,,26,,0.14,2026-08-20
MERCARI,SELL,IODATA,LCD-MF-130,,16000,成約,14,30,12,0.08,2026-08-20
RAKUMA,SELL,IODATA,LCD-MF-130,,15360,成約,6,22,18,0.09,2026-08-20
YAHUOKU,SELL,IODATA,LCD-MF-130,,14880,成約,9,26,10,0.14,2026-08-20
AMAZON,SELL,IODATA,LCD-MF-130,,17920,出品,3,12,25,0.06,2026-08-20
EBAY,SELL,IODATA,LCD-MF-130,,20800,出品,2,9,40,0.2,2026-08-20
OWN_EC,SELL,IODATA,LCD-MF-130,,16800,出品,,1,30,0.05,2026-08-20
MERCARI,BUY,IODATA,LCD-MF-130,,11520,出品,,30,,0.08,2026-08-20
YAHUOKU,BUY,IODATA,LCD-MF-130,,10880,出品,,26,,0.14,2026-08-20
MERCARI,SELL,COACH,CH-W2-138,,10300,成約,14,30,12,0.08,2026-08-20
RAKUMA,SELL,COACH,CH-W2-138,,9888,成約,6,22,18,0.09,2026-08-20
YAHUOKU,SELL,COACH,CH-W2-138,,9579,成約,9,26,10,0.14,2026-08-20
AMAZON,SELL,COACH,CH-W2-138,,11536,出品,3,12,25,0.06,2026-08-20
EBAY,SELL,COACH,CH-W2-138,,13390,出品,2,9,40,0.2,2026-08-20
OWN_EC,SELL,COACH,CH-W2-138,,10815,出品,,1,30,0.05,2026-08-20
MERCARI,BUY,COACH,CH-W2-138,,7416,出品,,30,,0.08,2026-08-20
YAHUOKU,BUY,COACH,CH-W2-138,,7004,出品,,26,,0.14,2026-08-20
MERCARI,SELL,DELONGHI,ECAM-146,,36500,成約,14,30,12,0.08,2026-08-20
RAKUMA,SELL,DELONGHI,ECAM-146,,35040,成約,6,22,18,0.09,2026-08-20
YAHUOKU,SELL,DELONGHI,ECAM-146,,33945,成約,9,26,10,0.14,2026-08-20
AMAZON,SELL,DELONGHI,ECAM-146,,40880,出品,3,12,25,0.06,2026-08-20
EBAY,SELL,DELONGHI,ECAM-146,,47450,出品,2,9,40,0.2,2026-08-20
OWN_EC,SELL,DELONGHI,ECAM-146,,38325,出品,,1,30,0.05,2026-08-20
MERCARI,BUY,DELONGHI,ECAM-146,,26280,出品,,30,,0.08,2026-08-20
YAHUOKU,BUY,DELONGHI,ECAM-146,,24820,出品,,26,,0.14,2026-08-20
MERCARI,SELL,ZOJIRUSHI,NP-BK-154,,15000,成約,14,30,12,0.08,2026-08-20
RAKUMA,SELL,ZOJIRUSHI,NP-BK-154,,14400,成約,6,22,18,0.09,2026-08-20
YAHUOKU,SELL,ZOJIRUSHI,NP-BK-154,,13950,成約,9,26,10,0.14,2026-08-20
AMAZON,SELL,ZOJIRUSHI,NP-BK-154,,16800,出品,3,12,25,0.06,2026-08-20
EBAY,SELL,ZOJIRUSHI,NP-BK-154,,19500,出品,2,9,40,0.2,2026-08-20
OWN_EC,SELL,ZOJIRUSHI,NP-BK-154,,15750,出品,,1,30,0.05,2026-08-20
MERCARI,BUY,ZOJIRUSHI,NP-BK-154,,10800,出品,,30,,0.08,2026-08-20
YAHUOKU,BUY,ZOJIRUSHI,NP-BK-154,,10200,出品,,26,,0.14,2026-08-20
MERCARI,SELL,PORTER,PT-BIZ-162,,22000,成約,14,30,12,0.08,2026-08-20
RAKUMA,SELL,PORTER,PT-BIZ-162,,21120,成約,6,22,18,0.09,2026-08-20
YAHUOKU,SELL,PORTER,PT-BIZ-162,,20460,成約,9,26,10,0.14,2026-08-20
AMAZON,SELL,PORTER,PT-BIZ-162,,24640,出品,3,12,25,0.06,2026-08-20
EBAY,SELL,PORTER,PT-BIZ-162,,28600,出品,2,9,40,0.2,2026-08-20
OWN_EC,SELL,PORTER,PT-BIZ-162,,23100,出品,,1,30,0.05,2026-08-20
MERCARI,BUY,PORTER,PT-BIZ-162,,15840,出品,,30,,0.08,2026-08-20
YAHUOKU,BUY,PORTER,PT-BIZ-162,,14960,出品,,26,,0.14,2026-08-20
MERCARI,SELL,PANASONIC,F-VXR-170,,27000,成約,14,30,12,0.08,2026-08-20
RAKUMA,SELL,PANASONIC,F-VXR-170,,25920,成約,6,22,18,0.09,2026-08-20
YAHUOKU,SELL,PANASONIC,F-VXR-170,,25110,成約,9,26,10,0.14,2026-08-20
AMAZON,SELL,PANASONIC,F-VXR-170,,30240,出品,3,12,25,0.06,2026-08-20
EBAY,SELL,PANASONIC,F-VXR-170,,35100,出品,2,9,40,0.2,2026-08-20
OWN_EC,SELL,PANASONIC,F-VXR-170,,28350,出品,,1,30,0.05,2026-08-20
MERCARI,BUY,PANASONIC,F-VXR-170,,19440,出品,,30,,0.08,2026-08-20
YAHUOKU,BUY,PANASONIC,F-VXR-170,,18360,出品,,26,,0.14,2026-08-20
MERCARI,SELL,DYSON,V8-178,,24500,成約,14,30,12,0.08,2026-08-20
RAKUMA,SELL,DYSON,V8-178,,23520,成約,6,22,18,0.09,2026-08-20
YAHUOKU,SELL,DYSON,V8-178,,22785,成約,9,26,10,0.14,2026-08-20
AMAZON,SELL,DYSON,V8-178,,27440,出品,3,12,25,0.06,2026-08-20
EBAY,SELL,DYSON,V8-178,,31850,出品,2,9,40,0.2,2026-08-20
OWN_EC,SELL,DYSON,V8-178,,25725,出品,,1,30,0.05,2026-08-20
MERCARI,BUY,DYSON,V8-178,,17640,出品,,30,,0.08,2026-08-20
YAHUOKU,BUY,DYSON,V8-178,,16660,出品,,26,,0.14,2026-08-20
MERCARI,SELL,ASICS,GEL-KAYANO-186,,16100,成約,14,30,12,0.08,2026-08-20
RAKUMA,SELL,ASICS,GEL-KAYANO-186,,15456,成約,6,22,18,0.09,2026-08-20
YAHUOKU,SELL,ASICS,GEL-KAYANO-186,,14973,成約,9,26,10,0.14,2026-08-20
AMAZON,SELL,ASICS,GEL-KAYANO-186,,18032,出品,3,12,25,0.06,2026-08-20
EBAY,SELL,ASICS,GEL-KAYANO-186,,20930,出品,2,9,40,0.2,2026-08-20
OWN_EC,SELL,ASICS,GEL-KAYANO-186,,16905,出品,,1,30,0.05,2026-08-20
SNKRDUNK,SELL,ASICS,GEL-KAYANO-186,,19642,成約,11,18,9,0.05,2026-08-20
MERCARI,BUY,ASICS,GEL-KAYANO-186,,11592,出品,,30,,0.08,2026-08-20
YAHUOKU,BUY,ASICS,GEL-KAYANO-186,,10948,出品,,26,,0.14,2026-08-20
SNKRDUNK,BUY,ASICS,GEL-KAYANO-186,,12880,出品,,18,,0.05,2026-08-20
MERCARI,SELL,GARMIN,FR-255-194,,27000,成約,14,30,12,0.08,2026-08-20
RAKUMA,SELL,GARMIN,FR-255-194,,25920,成約,6,22,18,0.09,2026-08-20
YAHUOKU,SELL,GARMIN,FR-255-194,,25110,成約,9,26,10,0.14,2026-08-20
AMAZON,SELL,GARMIN,FR-255-194,,30240,出品,3,12,25,0.06,2026-08-20
EBAY,SELL,GARMIN,FR-255-194,,35100,出品,2,9,40,0.2,2026-08-20
OWN_EC,SELL,GARMIN,FR-255-194,,28350,出品,,1,30,0.05,2026-08-20
MERCARI,BUY,GARMIN,FR-255-194,,19440,出品,,30,,0.08,2026-08-20
YAHUOKU,BUY,GARMIN,FR-255-194,,18360,出品,,26,,0.14,2026-08-20
MERCARI,SELL,SHARP,RE-SS-202,,19000,成約,14,30,12,0.08,2026-08-20
RAKUMA,SELL,SHARP,RE-SS-202,,18240,成約,6,22,18,0.09,2026-08-20
YAHUOKU,SELL,SHARP,RE-SS-202,,17670,成約,9,26,10,0.14,2026-08-20
AMAZON,SELL,SHARP,RE-SS-202,,21280,出品,3,12,25,0.06,2026-08-20
EBAY,SELL,SHARP,RE-SS-202,,24700,出品,2,9,40,0.2,2026-08-20
OWN_EC,SELL,SHARP,RE-SS-202,,19950,出品,,1,30,0.05,2026-08-20
MERCARI,BUY,SHARP,RE-SS-202,,13680,出品,,30,,0.08,2026-08-20
YAHUOKU,BUY,SHARP,RE-SS-202,,12920,出品,,26,,0.14,2026-08-20
MERCARI,SELL,UNIQLO,DWN-01-210,,6700,成約,14,30,12,0.08,2026-08-20
RAKUMA,SELL,UNIQLO,DWN-01-210,,6432,成約,6,22,18,0.09,2026-08-20
YAHUOKU,SELL,UNIQLO,DWN-01-210,,6231,成約,9,26,10,0.14,2026-08-20
AMAZON,SELL,UNIQLO,DWN-01-210,,7504,出品,3,12,25,0.06,2026-08-20
EBAY,SELL,UNIQLO,DWN-01-210,,8710,出品,2,9,40,0.2,2026-08-20
OWN_EC,SELL,UNIQLO,DWN-01-210,,7035,出品,,1,30,0.05,2026-08-20
MERCARI,BUY,UNIQLO,DWN-01-210,,4824,出品,,30,,0.08,2026-08-20
YAHUOKU,BUY,UNIQLO,DWN-01-210,,4556,出品,,26,,0.14,2026-08-20
MERCARI,SELL,LENOVO,TB-J606-218,,22500,成約,14,30,12,0.08,2026-08-20
RAKUMA,SELL,LENOVO,TB-J606-218,,21600,成約,6,22,18,0.09,2026-08-20
YAHUOKU,SELL,LENOVO,TB-J606-218,,20925,成約,9,26,10,0.14,2026-08-20
AMAZON,SELL,LENOVO,TB-J606-218,,25200,出品,3,12,25,0.06,2026-08-20
EBAY,SELL,LENOVO,TB-J606-218,,29250,出品,2,9,40,0.2,2026-08-20
OWN_EC,SELL,LENOVO,TB-J606-218,,23625,出品,,1,30,0.05,2026-08-20
MERCARI,BUY,LENOVO,TB-J606-218,,16200,出品,,30,,0.08,2026-08-20
YAHUOKU,BUY,LENOVO,TB-J606-218,,15300,出品,,26,,0.14,2026-08-20
MERCARI,SELL,NEC,PC-GN-226,,36000,成約,14,30,12,0.08,2026-08-20
RAKUMA,SELL,NEC,PC-GN-226,,34560,成約,6,22,18,0.09,2026-08-20
YAHUOKU,SELL,NEC,PC-GN-226,,33480,成約,9,26,10,0.14,2026-08-20
AMAZON,SELL,NEC,PC-GN-226,,40320,出品,3,12,25,0.06,2026-08-20
EBAY,SELL,NEC,PC-GN-226,,46800,出品,2,9,40,0.2,2026-08-20
OWN_EC,SELL,NEC,PC-GN-226,,37800,出品,,1,30,0.05,2026-08-20
MERCARI,BUY,NEC,PC-GN-226,,25920,出品,,30,,0.08,2026-08-20
YAHUOKU,BUY,NEC,PC-GN-226,,24480,出品,,26,,0.14,2026-08-20
MERCARI,SELL,CASIO,OCW-S-234,,52000,成約,14,30,12,0.08,2026-08-20
RAKUMA,SELL,CASIO,OCW-S-234,,49920,成約,6,22,18,0.09,2026-08-20
YAHUOKU,SELL,CASIO,OCW-S-234,,48360,成約,9,26,10,0.14,2026-08-20
AMAZON,SELL,CASIO,OCW-S-234,,58240,出品,3,12,25,0.06,2026-08-20
EBAY,SELL,CASIO,OCW-S-234,,67600,出品,2,9,40,0.2,2026-08-20
OWN_EC,SELL,CASIO,OCW-S-234,,54600,出品,,1,30,0.05,2026-08-20
MERCARI,BUY,CASIO,OCW-S-234,,37440,出品,,30,,0.08,2026-08-20
YAHUOKU,BUY,CASIO,OCW-S-234,,35360,出品,,26,,0.14,2026-08-20
MERCARI,SELL,SONY,CUH-2200-242,,18500,成約,14,30,12,0.08,2026-08-20
RAKUMA,SELL,SONY,CUH-2200-242,,17760,成約,6,22,18,0.09,2026-08-20
YAHUOKU,SELL,SONY,CUH-2200-242,,17205,成約,9,26,10,0.14,2026-08-20
AMAZON,SELL,SONY,CUH-2200-242,,20720,出品,3,12,25,0.06,2026-08-20
EBAY,SELL,SONY,CUH-2200-242,,24050,出品,2,9,40,0.2,2026-08-20
OWN_EC,SELL,SONY,CUH-2200-242,,19425,出品,,1,30,0.05,2026-08-20
MERCARI,BUY,SONY,CUH-2200-242,,13320,出品,,30,,0.08,2026-08-20
YAHUOKU,BUY,SONY,CUH-2200-242,,12580,出品,,26,,0.14,2026-08-20
MERCARI,SELL,PRADA,BR4001-250,,57500,成約,14,30,12,0.08,2026-08-20
RAKUMA,SELL,PRADA,BR4001-250,,55200,成約,6,22,18,0.09,2026-08-20
YAHUOKU,SELL,PRADA,BR4001-250,,53475,成約,9,26,10,0.14,2026-08-20
AMAZON,SELL,PRADA,BR4001-250,,64400,出品,3,12,25,0.06,2026-08-20
EBAY,SELL,PRADA,BR4001-250,,74750,出品,2,9,40,0.2,2026-08-20
OWN_EC,SELL,PRADA,BR4001-250,,60375,出品,,1,30,0.05,2026-08-20
MERCARI,BUY,PRADA,BR4001-250,,41400,出品,,30,,0.08,2026-08-20
YAHUOKU,BUY,PRADA,BR4001-250,,39100,出品,,26,,0.14,2026-08-20
MERCARI,SELL,JBL,FLIP6-258,,10000,成約,14,30,12,0.08,2026-08-20
RAKUMA,SELL,JBL,FLIP6-258,,9600,成約,6,22,18,0.09,2026-08-20
YAHUOKU,SELL,JBL,FLIP6-258,,9300,成約,9,26,10,0.14,2026-08-20
AMAZON,SELL,JBL,FLIP6-258,,11200,出品,3,12,25,0.06,2026-08-20
EBAY,SELL,JBL,FLIP6-258,,13000,出品,2,9,40,0.2,2026-08-20
OWN_EC,SELL,JBL,FLIP6-258,,10500,出品,,1,30,0.05,2026-08-20
MERCARI,BUY,JBL,FLIP6-258,,7200,出品,,30,,0.08,2026-08-20
YAHUOKU,BUY,JBL,FLIP6-258,,6800,出品,,26,,0.14,2026-08-20
MERCARI,SELL,NINTENDO,HAC-GEN-266,,8800,成約,14,30,12,0.08,2026-08-20
RAKUMA,SELL,NINTENDO,HAC-GEN-266,,8448,成約,6,22,18,0.09,2026-08-20
YAHUOKU,SELL,NINTENDO,HAC-GEN-266,,8184,成約,9,26,10,0.14,2026-08-20
AMAZON,SELL,NINTENDO,HAC-GEN-266,,9856,出品,3,12,25,0.06,2026-08-20
EBAY,SELL,NINTENDO,HAC-GEN-266,,11440,出品,2,9,40,0.2,2026-08-20
OWN_EC,SELL,NINTENDO,HAC-GEN-266,,9240,出品,,1,30,0.05,2026-08-20
MERCARI,BUY,NINTENDO,HAC-GEN-266,,6336,出品,,30,,0.08,2026-08-20
YAHUOKU,BUY,NINTENDO,HAC-GEN-266,,5984,出品,,26,,0.14,2026-08-20
MERCARI,SELL,AUDIOTECHNICA,AT2020-274,,9300,成約,14,30,12,0.08,2026-08-20
RAKUMA,SELL,AUDIOTECHNICA,AT2020-274,,8928,成約,6,22,18,0.09,2026-08-20
YAHUOKU,SELL,AUDIOTECHNICA,AT2020-274,,8649,成約,9,26,10,0.14,2026-08-20
AMAZON,SELL,AUDIOTECHNICA,AT2020-274,,10416,出品,3,12,25,0.06,2026-08-20
EBAY,SELL,AUDIOTECHNICA,AT2020-274,,12090,出品,2,9,40,0.2,2026-08-20
OWN_EC,SELL,AUDIOTECHNICA,AT2020-274,,9765,出品,,1,30,0.05,2026-08-20
MERCARI,BUY,AUDIOTECHNICA,AT2020-274,,6696,出品,,30,,0.08,2026-08-20
YAHUOKU,BUY,AUDIOTECHNICA,AT2020-274,,6324,出品,,26,,0.14,2026-08-20
MERCARI,SELL,NIKON,NIKKOR-Z-282,,32500,成約,14,30,12,0.08,2026-08-20
RAKUMA,SELL,NIKON,NIKKOR-Z-282,,31200,成約,6,22,18,0.09,2026-08-20
YAHUOKU,SELL,NIKON,NIKKOR-Z-282,,30225,成約,9,26,10,0.14,2026-08-20
AMAZON,SELL,NIKON,NIKKOR-Z-282,,36400,出品,3,12,25,0.06,2026-08-20
EBAY,SELL,NIKON,NIKKOR-Z-282,,42250,出品,2,9,40,0.2,2026-08-20
OWN_EC,SELL,NIKON,NIKKOR-Z-282,,34125,出品,,1,30,0.05,2026-08-20
MERCARI,BUY,NIKON,NIKKOR-Z-282,,23400,出品,,30,,0.08,2026-08-20
YAHUOKU,BUY,NIKON,NIKKOR-Z-282,,22100,出品,,26,,0.14,2026-08-20
MERCARI,SELL,CASIO,CT-S300-290,,14000,成約,14,30,12,0.08,2026-08-20
RAKUMA,SELL,CASIO,CT-S300-290,,13440,成約,6,22,18,0.09,2026-08-20
YAHUOKU,SELL,CASIO,CT-S300-290,,13020,成約,9,26,10,0.14,2026-08-20
AMAZON,SELL,CASIO,CT-S300-290,,15680,出品,3,12,25,0.06,2026-08-20
EBAY,SELL,CASIO,CT-S300-290,,18200,出品,2,9,40,0.2,2026-08-20
OWN_EC,SELL,CASIO,CT-S300-290,,14700,出品,,1,30,0.05,2026-08-20
MERCARI,BUY,CASIO,CT-S300-290,,10080,出品,,30,,0.08,2026-08-20
YAHUOKU,BUY,CASIO,CT-S300-290,,9520,出品,,26,,0.14,2026-08-20
MERCARI,SELL,EPSON,EF-12-298,,45000,成約,14,30,12,0.08,2026-08-20
RAKUMA,SELL,EPSON,EF-12-298,,43200,成約,6,22,18,0.09,2026-08-20
YAHUOKU,SELL,EPSON,EF-12-298,,41850,成約,9,26,10,0.14,2026-08-20
AMAZON,SELL,EPSON,EF-12-298,,50400,出品,3,12,25,0.06,2026-08-20
EBAY,SELL,EPSON,EF-12-298,,58500,出品,2,9,40,0.2,2026-08-20
OWN_EC,SELL,EPSON,EF-12-298,,47250,出品,,1,30,0.05,2026-08-20
MERCARI,BUY,EPSON,EF-12-298,,32400,出品,,30,,0.08,2026-08-20
YAHUOKU,BUY,EPSON,EF-12-298,,30600,出品,,26,,0.14,2026-08-20
MERCARI,SELL,SONY,CFI-2000B01,4948872416283,62000,成約,14,30,12,0.08,2026-08-20
RAKUMA,SELL,SONY,CFI-2000B01,4948872416283,59520,成約,6,22,18,0.09,2026-08-20
YAHUOKU,SELL,SONY,CFI-2000B01,4948872416283,57660,成約,9,26,10,0.14,2026-08-20
AMAZON,SELL,SONY,CFI-2000B01,4948872416283,69440,出品,3,12,25,0.06,2026-08-20
EBAY,SELL,SONY,CFI-2000B01,4948872416283,80600,出品,2,9,40,0.2,2026-08-20
OWN_EC,SELL,SONY,CFI-2000B01,4948872416283,65100,出品,,1,30,0.05,2026-08-20
MERCARI,BUY,SONY,CFI-2000B01,4948872416283,44640,出品,,30,,0.08,2026-08-20
YAHUOKU,BUY,SONY,CFI-2000B01,4948872416283,42160,出品,,26,,0.14,2026-08-20
MERCARI,SELL,APPLE,MTJV3J/A,4549995402452,33000,成約,14,30,12,0.08,2026-08-20
RAKUMA,SELL,APPLE,MTJV3J/A,4549995402452,31680,成約,6,22,18,0.09,2026-08-20
YAHUOKU,SELL,APPLE,MTJV3J/A,4549995402452,30690,成約,9,26,10,0.14,2026-08-20
AMAZON,SELL,APPLE,MTJV3J/A,4549995402452,36960,出品,3,12,25,0.06,2026-08-20
EBAY,SELL,APPLE,MTJV3J/A,4549995402452,42900,出品,2,9,40,0.2,2026-08-20
OWN_EC,SELL,APPLE,MTJV3J/A,4549995402452,34650,出品,,1,30,0.05,2026-08-20
MERCARI,BUY,APPLE,MTJV3J/A,4549995402452,23760,出品,,30,,0.08,2026-08-20
YAHUOKU,BUY,APPLE,MTJV3J/A,4549995402452,22440,出品,,26,,0.14,2026-08-20
MERCARI,SELL,NIKON,ZFC,4960759905499,96000,成約,14,30,12,0.08,2026-08-20
RAKUMA,SELL,NIKON,ZFC,4960759905499,92160,成約,6,22,18,0.09,2026-08-20
YAHUOKU,SELL,NIKON,ZFC,4960759905499,89280,成約,9,26,10,0.14,2026-08-20
AMAZON,SELL,NIKON,ZFC,4960759905499,107520,出品,3,12,25,0.06,2026-08-20
EBAY,SELL,NIKON,ZFC,4960759905499,124800,出品,2,9,40,0.2,2026-08-20
OWN_EC,SELL,NIKON,ZFC,4960759905499,100800,出品,,1,30,0.05,2026-08-20
MERCARI,BUY,NIKON,ZFC,4960759905499,69120,出品,,30,,0.08,2026-08-20
YAHUOKU,BUY,NIKON,ZFC,4960759905499,65280,出品,,26,,0.14,2026-08-20
MERCARI,SELL,NINTENDO,HAC-P-AXQEA,4902370550733,5200,成約,14,30,12,0.08,2026-08-20
RAKUMA,SELL,NINTENDO,HAC-P-AXQEA,4902370550733,4992,成約,6,22,18,0.09,2026-08-20
YAHUOKU,SELL,NINTENDO,HAC-P-AXQEA,4902370550733,4836,成約,9,26,10,0.14,2026-08-20
AMAZON,SELL,NINTENDO,HAC-P-AXQEA,4902370550733,5824,出品,3,12,25,0.06,2026-08-20
EBAY,SELL,NINTENDO,HAC-P-AXQEA,4902370550733,6760,出品,2,9,40,0.2,2026-08-20
OWN_EC,SELL,NINTENDO,HAC-P-AXQEA,4902370550733,5460,出品,,1,30,0.05,2026-08-20
MERCARI,BUY,NINTENDO,HAC-P-AXQEA,4902370550733,3744,出品,,30,,0.08,2026-08-20
YAHUOKU,BUY,NINTENDO,HAC-P-AXQEA,4902370550733,3536,出品,,26,,0.14,2026-08-20
MERCARI,SELL,APPLE,MPQ03J/A,4549995362268,46000,成約,14,30,12,0.08,2026-08-20
RAKUMA,SELL,APPLE,MPQ03J/A,4549995362268,44160,成約,6,22,18,0.09,2026-08-20
YAHUOKU,SELL,APPLE,MPQ03J/A,4549995362268,42780,成約,9,26,10,0.14,2026-08-20
AMAZON,SELL,APPLE,MPQ03J/A,4549995362268,51520,出品,3,12,25,0.06,2026-08-20
EBAY,SELL,APPLE,MPQ03J/A,4549995362268,59800,出品,2,9,40,0.2,2026-08-20
OWN_EC,SELL,APPLE,MPQ03J/A,4549995362268,48300,出品,,1,30,0.05,2026-08-20
MERCARI,BUY,APPLE,MPQ03J/A,4549995362268,33120,出品,,30,,0.08,2026-08-20
YAHUOKU,BUY,APPLE,MPQ03J/A,4549995362268,31280,出品,,26,,0.14,2026-08-20
MERCARI,SELL,CANON,IXY650-6,,15500,成約,14,30,12,0.08,2026-08-20
RAKUMA,SELL,CANON,IXY650-6,,14880,成約,6,22,18,0.09,2026-08-20
YAHUOKU,SELL,CANON,IXY650-6,,14415,成約,9,26,10,0.14,2026-08-20
AMAZON,SELL,CANON,IXY650-6,,17360,出品,3,12,25,0.06,2026-08-20
EBAY,SELL,CANON,IXY650-6,,20150,出品,2,9,40,0.2,2026-08-20
OWN_EC,SELL,CANON,IXY650-6,,16275,出品,,1,30,0.05,2026-08-20
MERCARI,BUY,CANON,IXY650-6,,11160,出品,,30,,0.08,2026-08-20
YAHUOKU,BUY,CANON,IXY650-6,,10540,出品,,26,,0.14,2026-08-20
MERCARI,SELL,YAMAHA,FG830-14,,32500,成約,14,30,12,0.08,2026-08-20
RAKUMA,SELL,YAMAHA,FG830-14,,31200,成約,6,22,18,0.09,2026-08-20
YAHUOKU,SELL,YAMAHA,FG830-14,,30225,成約,9,26,10,0.14,2026-08-20
AMAZON,SELL,YAMAHA,FG830-14,,36400,出品,3,12,25,0.06,2026-08-20
EBAY,SELL,YAMAHA,FG830-14,,42250,出品,2,9,40,0.2,2026-08-20
OWN_EC,SELL,YAMAHA,FG830-14,,34125,出品,,1,30,0.05,2026-08-20
MERCARI,BUY,YAMAHA,FG830-14,,23400,出品,,30,,0.08,2026-08-20
YAHUOKU,BUY,YAMAHA,FG830-14,,22100,出品,,26,,0.14,2026-08-20
MERCARI,SELL,YAMAHA,X0T-82-22,4900000000021,24000,成約,14,30,12,0.08,2026-08-20
RAKUMA,SELL,YAMAHA,X0T-82-22,4900000000021,23040,成約,6,22,18,0.09,2026-08-20
YAHUOKU,SELL,YAMAHA,X0T-82-22,4900000000021,22320,成約,9,26,10,0.14,2026-08-20
AMAZON,SELL,YAMAHA,X0T-82-22,4900000000021,26880,出品,3,12,25,0.06,2026-08-20
EBAY,SELL,YAMAHA,X0T-82-22,4900000000021,31200,出品,2,9,40,0.2,2026-08-20
OWN_EC,SELL,YAMAHA,X0T-82-22,4900000000021,25200,出品,,1,30,0.05,2026-08-20
MERCARI,BUY,YAMAHA,X0T-82-22,4900000000021,17280,出品,,30,,0.08,2026-08-20
YAHUOKU,BUY,YAMAHA,X0T-82-22,4900000000021,16320,出品,,26,,0.14,2026-08-20
MERCARI,SELL,IODATA,LCD-MF-30,,17000,成約,14,30,12,0.08,2026-08-20
RAKUMA,SELL,IODATA,LCD-MF-30,,16320,成約,6,22,18,0.09,2026-08-20
YAHUOKU,SELL,IODATA,LCD-MF-30,,15810,成約,9,26,10,0.14,2026-08-20
AMAZON,SELL,IODATA,LCD-MF-30,,19040,出品,3,12,25,0.06,2026-08-20
EBAY,SELL,IODATA,LCD-MF-30,,22100,出品,2,9,40,0.2,2026-08-20
OWN_EC,SELL,IODATA,LCD-MF-30,,17850,出品,,1,30,0.05,2026-08-20
MERCARI,BUY,IODATA,LCD-MF-30,,12240,出品,,30,,0.08,2026-08-20
YAHUOKU,BUY,IODATA,LCD-MF-30,,11560,出品,,26,,0.14,2026-08-20
MERCARI,SELL,COACH,CH-W2-38,,11300,成約,14,30,12,0.08,2026-08-20
RAKUMA,SELL,COACH,CH-W2-38,,10848,成約,6,22,18,0.09,2026-08-20
YAHUOKU,SELL,COACH,CH-W2-38,,10509,成約,9,26,10,0.14,2026-08-20
AMAZON,SELL,COACH,CH-W2-38,,12656,出品,3,12,25,0.06,2026-08-20
EBAY,SELL,COACH,CH-W2-38,,14690,出品,2,9,40,0.2,2026-08-20
OWN_EC,SELL,COACH,CH-W2-38,,11865,出品,,1,30,0.05,2026-08-20
MERCARI,BUY,COACH,CH-W2-38,,8136,出品,,30,,0.08,2026-08-20
YAHUOKU,BUY,COACH,CH-W2-38,,7684,出品,,26,,0.14,2026-08-20
MERCARI,SELL,DELONGHI,ECAM-46,4900000000045,37500,成約,14,30,12,0.08,2026-08-20
RAKUMA,SELL,DELONGHI,ECAM-46,4900000000045,36000,成約,6,22,18,0.09,2026-08-20
YAHUOKU,SELL,DELONGHI,ECAM-46,4900000000045,34875,成約,9,26,10,0.14,2026-08-20
AMAZON,SELL,DELONGHI,ECAM-46,4900000000045,42000,出品,3,12,25,0.06,2026-08-20
EBAY,SELL,DELONGHI,ECAM-46,4900000000045,48750,出品,2,9,40,0.2,2026-08-20
OWN_EC,SELL,DELONGHI,ECAM-46,4900000000045,39375,出品,,1,30,0.05,2026-08-20
MERCARI,BUY,DELONGHI,ECAM-46,4900000000045,27000,出品,,30,,0.08,2026-08-20
YAHUOKU,BUY,DELONGHI,ECAM-46,4900000000045,25500,出品,,26,,0.14,2026-08-20
MERCARI,SELL,ZOJIRUSHI,NP-BK-54,,16000,成約,14,30,12,0.08,2026-08-20
RAKUMA,SELL,ZOJIRUSHI,NP-BK-54,,15360,成約,6,22,18,0.09,2026-08-20
YAHUOKU,SELL,ZOJIRUSHI,NP-BK-54,,14880,成約,9,26,10,0.14,2026-08-20
AMAZON,SELL,ZOJIRUSHI,NP-BK-54,,17920,出品,3,12,25,0.06,2026-08-20
EBAY,SELL,ZOJIRUSHI,NP-BK-54,,20800,出品,2,9,40,0.2,2026-08-20
OWN_EC,SELL,ZOJIRUSHI,NP-BK-54,,16800,出品,,1,30,0.05,2026-08-20
MERCARI,BUY,ZOJIRUSHI,NP-BK-54,,11520,出品,,30,,0.08,2026-08-20
YAHUOKU,BUY,ZOJIRUSHI,NP-BK-54,,10880,出品,,26,,0.14,2026-08-20
MERCARI,SELL,PORTER,PT-BIZ-62,,23000,成約,14,30,12,0.08,2026-08-20
RAKUMA,SELL,PORTER,PT-BIZ-62,,22080,成約,6,22,18,0.09,2026-08-20
YAHUOKU,SELL,PORTER,PT-BIZ-62,,21390,成約,9,26,10,0.14,2026-08-20
AMAZON,SELL,PORTER,PT-BIZ-62,,25760,出品,3,12,25,0.06,2026-08-20
EBAY,SELL,PORTER,PT-BIZ-62,,29900,出品,2,9,40,0.2,2026-08-20
OWN_EC,SELL,PORTER,PT-BIZ-62,,24150,出品,,1,30,0.05,2026-08-20
MERCARI,BUY,PORTER,PT-BIZ-62,,16560,出品,,30,,0.08,2026-08-20
YAHUOKU,BUY,PORTER,PT-BIZ-62,,15640,出品,,26,,0.14,2026-08-20
MERCARI,SELL,PANASONIC,F-VXR-70,4900000000069,19500,成約,14,30,12,0.08,2026-08-20
RAKUMA,SELL,PANASONIC,F-VXR-70,4900000000069,18720,成約,6,22,18,0.09,2026-08-20
YAHUOKU,SELL,PANASONIC,F-VXR-70,4900000000069,18135,成約,9,26,10,0.14,2026-08-20
AMAZON,SELL,PANASONIC,F-VXR-70,4900000000069,21840,出品,3,12,25,0.06,2026-08-20
EBAY,SELL,PANASONIC,F-VXR-70,4900000000069,25350,出品,2,9,40,0.2,2026-08-20
OWN_EC,SELL,PANASONIC,F-VXR-70,4900000000069,20475,出品,,1,30,0.05,2026-08-20
MERCARI,BUY,PANASONIC,F-VXR-70,4900000000069,14040,出品,,30,,0.08,2026-08-20
YAHUOKU,BUY,PANASONIC,F-VXR-70,4900000000069,13260,出品,,26,,0.14,2026-08-20
MERCARI,SELL,DYSON,V8-78,,25500,成約,14,30,12,0.08,2026-08-20
RAKUMA,SELL,DYSON,V8-78,,24480,成約,6,22,18,0.09,2026-08-20
YAHUOKU,SELL,DYSON,V8-78,,23715,成約,9,26,10,0.14,2026-08-20
AMAZON,SELL,DYSON,V8-78,,28560,出品,3,12,25,0.06,2026-08-20
EBAY,SELL,DYSON,V8-78,,33150,出品,2,9,40,0.2,2026-08-20
OWN_EC,SELL,DYSON,V8-78,,26775,出品,,1,30,0.05,2026-08-20
MERCARI,BUY,DYSON,V8-78,,18360,出品,,30,,0.08,2026-08-20
YAHUOKU,BUY,DYSON,V8-78,,17340,出品,,26,,0.14,2026-08-20
MERCARI,SELL,ASICS,GEL-KAYANO-86,,8600,成約,14,30,12,0.08,2026-08-20
RAKUMA,SELL,ASICS,GEL-KAYANO-86,,8256,成約,6,22,18,0.09,2026-08-20
YAHUOKU,SELL,ASICS,GEL-KAYANO-86,,7998,成約,9,26,10,0.14,2026-08-20
AMAZON,SELL,ASICS,GEL-KAYANO-86,,9632,出品,3,12,25,0.06,2026-08-20
EBAY,SELL,ASICS,GEL-KAYANO-86,,11180,出品,2,9,40,0.2,2026-08-20
OWN_EC,SELL,ASICS,GEL-KAYANO-86,,9030,出品,,1,30,0.05,2026-08-20
SNKRDUNK,SELL,ASICS,GEL-KAYANO-86,,10492,成約,11,18,9,0.05,2026-08-20
MERCARI,BUY,ASICS,GEL-KAYANO-86,,6192,出品,,30,,0.08,2026-08-20
YAHUOKU,BUY,ASICS,GEL-KAYANO-86,,5848,出品,,26,,0.14,2026-08-20
SNKRDUNK,BUY,ASICS,GEL-KAYANO-86,,6880,出品,,18,,0.05,2026-08-20
MERCARI,SELL,GARMIN,FR-255-94,4900000000093,28000,成約,14,30,12,0.08,2026-08-20
RAKUMA,SELL,GARMIN,FR-255-94,4900000000093,26880,成約,6,22,18,0.09,2026-08-20
YAHUOKU,SELL,GARMIN,FR-255-94,4900000000093,26040,成約,9,26,10,0.14,2026-08-20
AMAZON,SELL,GARMIN,FR-255-94,4900000000093,31360,出品,3,12,25,0.06,2026-08-20
EBAY,SELL,GARMIN,FR-255-94,4900000000093,36400,出品,2,9,40,0.2,2026-08-20
OWN_EC,SELL,GARMIN,FR-255-94,4900000000093,29400,出品,,1,30,0.05,2026-08-20
MERCARI,BUY,GARMIN,FR-255-94,4900000000093,20160,出品,,30,,0.08,2026-08-20
YAHUOKU,BUY,GARMIN,FR-255-94,4900000000093,19040,出品,,26,,0.14,2026-08-20
MERCARI,SELL,SHARP,RE-SS-102,,20000,成約,14,30,12,0.08,2026-08-20
RAKUMA,SELL,SHARP,RE-SS-102,,19200,成約,6,22,18,0.09,2026-08-20
YAHUOKU,SELL,SHARP,RE-SS-102,,18600,成約,9,26,10,0.14,2026-08-20
AMAZON,SELL,SHARP,RE-SS-102,,22400,出品,3,12,25,0.06,2026-08-20
EBAY,SELL,SHARP,RE-SS-102,,26000,出品,2,9,40,0.2,2026-08-20
OWN_EC,SELL,SHARP,RE-SS-102,,21000,出品,,1,30,0.05,2026-08-20
MERCARI,BUY,SHARP,RE-SS-102,,14400,出品,,30,,0.08,2026-08-20
YAHUOKU,BUY,SHARP,RE-SS-102,,13600,出品,,26,,0.14,2026-08-20
MERCARI,SELL,UNIQLO,DWN-01-110,,7700,成約,14,30,12,0.08,2026-08-20
RAKUMA,SELL,UNIQLO,DWN-01-110,,7392,成約,6,22,18,0.09,2026-08-20
YAHUOKU,SELL,UNIQLO,DWN-01-110,,7161,成約,9,26,10,0.14,2026-08-20
AMAZON,SELL,UNIQLO,DWN-01-110,,8624,出品,3,12,25,0.06,2026-08-20
EBAY,SELL,UNIQLO,DWN-01-110,,10010,出品,2,9,40,0.2,2026-08-20
OWN_EC,SELL,UNIQLO,DWN-01-110,,8085,出品,,1,30,0.05,2026-08-20
MERCARI,BUY,UNIQLO,DWN-01-110,,5544,出品,,30,,0.08,2026-08-20
YAHUOKU,BUY,UNIQLO,DWN-01-110,,5236,出品,,26,,0.14,2026-08-20
MERCARI,SELL,LENOVO,TB-J606-118,4900000000117,23500,成約,14,30,12,0.08,2026-08-20
RAKUMA,SELL,LENOVO,TB-J606-118,4900000000117,22560,成約,6,22,18,0.09,2026-08-20
YAHUOKU,SELL,LENOVO,TB-J606-118,4900000000117,21855,成約,9,26,10,0.14,2026-08-20
AMAZON,SELL,LENOVO,TB-J606-118,4900000000117,26320,出品,3,12,25,0.06,2026-08-20
EBAY,SELL,LENOVO,TB-J606-118,4900000000117,30550,出品,2,9,40,0.2,2026-08-20
OWN_EC,SELL,LENOVO,TB-J606-118,4900000000117,24675,出品,,1,30,0.05,2026-08-20
MERCARI,BUY,LENOVO,TB-J606-118,4900000000117,16920,出品,,30,,0.08,2026-08-20
YAHUOKU,BUY,LENOVO,TB-J606-118,4900000000117,15980,出品,,26,,0.14,2026-08-20
MERCARI,SELL,NEC,PC-GN-126,,37000,成約,14,30,12,0.08,2026-08-20
RAKUMA,SELL,NEC,PC-GN-126,,35520,成約,6,22,18,0.09,2026-08-20
YAHUOKU,SELL,NEC,PC-GN-126,,34410,成約,9,26,10,0.14,2026-08-20
AMAZON,SELL,NEC,PC-GN-126,,41440,出品,3,12,25,0.06,2026-08-20
EBAY,SELL,NEC,PC-GN-126,,48100,出品,2,9,40,0.2,2026-08-20
OWN_EC,SELL,NEC,PC-GN-126,,38850,出品,,1,30,0.05,2026-08-20
MERCARI,BUY,NEC,PC-GN-126,,26640,出品,,30,,0.08,2026-08-20
YAHUOKU,BUY,NEC,PC-GN-126,,25160,出品,,26,,0.14,2026-08-20
MERCARI,SELL,CASIO,OCW-S-134,,53000,成約,14,30,12,0.08,2026-08-20
RAKUMA,SELL,CASIO,OCW-S-134,,50880,成約,6,22,18,0.09,2026-08-20
YAHUOKU,SELL,CASIO,OCW-S-134,,49290,成約,9,26,10,0.14,2026-08-20
AMAZON,SELL,CASIO,OCW-S-134,,59360,出品,3,12,25,0.06,2026-08-20
EBAY,SELL,CASIO,OCW-S-134,,68900,出品,2,9,40,0.2,2026-08-20
OWN_EC,SELL,CASIO,OCW-S-134,,55650,出品,,1,30,0.05,2026-08-20
MERCARI,BUY,CASIO,OCW-S-134,,38160,出品,,30,,0.08,2026-08-20
YAHUOKU,BUY,CASIO,OCW-S-134,,36040,出品,,26,,0.14,2026-08-20
MERCARI,SELL,SONY,CUH-2200-142,4900000000141,19500,成約,14,30,12,0.08,2026-08-20
RAKUMA,SELL,SONY,CUH-2200-142,4900000000141,18720,成約,6,22,18,0.09,2026-08-20
YAHUOKU,SELL,SONY,CUH-2200-142,4900000000141,18135,成約,9,26,10,0.14,2026-08-20
AMAZON,SELL,SONY,CUH-2200-142,4900000000141,21840,出品,3,12,25,0.06,2026-08-20
EBAY,SELL,SONY,CUH-2200-142,4900000000141,25350,出品,2,9,40,0.2,2026-08-20
OWN_EC,SELL,SONY,CUH-2200-142,4900000000141,20475,出品,,1,30,0.05,2026-08-20
MERCARI,BUY,SONY,CUH-2200-142,4900000000141,14040,出品,,30,,0.08,2026-08-20
YAHUOKU,BUY,SONY,CUH-2200-142,4900000000141,13260,出品,,26,,0.14,2026-08-20
MERCARI,SELL,PRADA,BR4001-150,,58500,成約,14,30,12,0.08,2026-08-20
RAKUMA,SELL,PRADA,BR4001-150,,56160,成約,6,22,18,0.09,2026-08-20
YAHUOKU,SELL,PRADA,BR4001-150,,54405,成約,9,26,10,0.14,2026-08-20
AMAZON,SELL,PRADA,BR4001-150,,65520,出品,3,12,25,0.06,2026-08-20
EBAY,SELL,PRADA,BR4001-150,,76050,出品,2,9,40,0.2,2026-08-20
OWN_EC,SELL,PRADA,BR4001-150,,61425,出品,,1,30,0.05,2026-08-20
MERCARI,BUY,PRADA,BR4001-150,,42120,出品,,30,,0.08,2026-08-20
YAHUOKU,BUY,PRADA,BR4001-150,,39780,出品,,26,,0.14,2026-08-20
MERCARI,SELL,JBL,FLIP6-158,,11000,成約,14,30,12,0.08,2026-08-20
RAKUMA,SELL,JBL,FLIP6-158,,10560,成約,6,22,18,0.09,2026-08-20
YAHUOKU,SELL,JBL,FLIP6-158,,10230,成約,9,26,10,0.14,2026-08-20
AMAZON,SELL,JBL,FLIP6-158,,12320,出品,3,12,25,0.06,2026-08-20
EBAY,SELL,JBL,FLIP6-158,,14300,出品,2,9,40,0.2,2026-08-20
OWN_EC,SELL,JBL,FLIP6-158,,11550,出品,,1,30,0.05,2026-08-20
MERCARI,BUY,JBL,FLIP6-158,,7920,出品,,30,,0.08,2026-08-20
YAHUOKU,BUY,JBL,FLIP6-158,,7480,出品,,26,,0.14,2026-08-20
MERCARI,SELL,NINTENDO,HAC-GEN-166,4900000000165,9800,成約,14,30,12,0.08,2026-08-20
RAKUMA,SELL,NINTENDO,HAC-GEN-166,4900000000165,9408,成約,6,22,18,0.09,2026-08-20
YAHUOKU,SELL,NINTENDO,HAC-GEN-166,4900000000165,9114,成約,9,26,10,0.14,2026-08-20
AMAZON,SELL,NINTENDO,HAC-GEN-166,4900000000165,10976,出品,3,12,25,0.06,2026-08-20
EBAY,SELL,NINTENDO,HAC-GEN-166,4900000000165,12740,出品,2,9,40,0.2,2026-08-20
OWN_EC,SELL,NINTENDO,HAC-GEN-166,4900000000165,10290,出品,,1,30,0.05,2026-08-20
MERCARI,BUY,NINTENDO,HAC-GEN-166,4900000000165,7056,出品,,30,,0.08,2026-08-20
YAHUOKU,BUY,NINTENDO,HAC-GEN-166,4900000000165,6664,出品,,26,,0.14,2026-08-20
MERCARI,SELL,AUDIOTECHNICA,AT2020-174,,10300,成約,14,30,12,0.08,2026-08-20
RAKUMA,SELL,AUDIOTECHNICA,AT2020-174,,9888,成約,6,22,18,0.09,2026-08-20
YAHUOKU,SELL,AUDIOTECHNICA,AT2020-174,,9579,成約,9,26,10,0.14,2026-08-20
AMAZON,SELL,AUDIOTECHNICA,AT2020-174,,11536,出品,3,12,25,0.06,2026-08-20
EBAY,SELL,AUDIOTECHNICA,AT2020-174,,13390,出品,2,9,40,0.2,2026-08-20
OWN_EC,SELL,AUDIOTECHNICA,AT2020-174,,10815,出品,,1,30,0.05,2026-08-20
MERCARI,BUY,AUDIOTECHNICA,AT2020-174,,7416,出品,,30,,0.08,2026-08-20
YAHUOKU,BUY,AUDIOTECHNICA,AT2020-174,,7004,出品,,26,,0.14,2026-08-20
MERCARI,SELL,NIKON,NIKKOR-Z-182,,33500,成約,14,30,12,0.08,2026-08-20
RAKUMA,SELL,NIKON,NIKKOR-Z-182,,32160,成約,6,22,18,0.09,2026-08-20
YAHUOKU,SELL,NIKON,NIKKOR-Z-182,,31155,成約,9,26,10,0.14,2026-08-20
AMAZON,SELL,NIKON,NIKKOR-Z-182,,37520,出品,3,12,25,0.06,2026-08-20
EBAY,SELL,NIKON,NIKKOR-Z-182,,43550,出品,2,9,40,0.2,2026-08-20
OWN_EC,SELL,NIKON,NIKKOR-Z-182,,35175,出品,,1,30,0.05,2026-08-20
MERCARI,BUY,NIKON,NIKKOR-Z-182,,24120,出品,,30,,0.08,2026-08-20
YAHUOKU,BUY,NIKON,NIKKOR-Z-182,,22780,出品,,26,,0.14,2026-08-20
MERCARI,SELL,CASIO,CT-S300-190,4900000000189,15000,成約,14,30,12,0.08,2026-08-20
RAKUMA,SELL,CASIO,CT-S300-190,4900000000189,14400,成約,6,22,18,0.09,2026-08-20
YAHUOKU,SELL,CASIO,CT-S300-190,4900000000189,13950,成約,9,26,10,0.14,2026-08-20
AMAZON,SELL,CASIO,CT-S300-190,4900000000189,16800,出品,3,12,25,0.06,2026-08-20
EBAY,SELL,CASIO,CT-S300-190,4900000000189,19500,出品,2,9,40,0.2,2026-08-20
OWN_EC,SELL,CASIO,CT-S300-190,4900000000189,15750,出品,,1,30,0.05,2026-08-20
MERCARI,BUY,CASIO,CT-S300-190,4900000000189,10800,出品,,30,,0.08,2026-08-20
YAHUOKU,BUY,CASIO,CT-S300-190,4900000000189,10200,出品,,26,,0.14,2026-08-20
MERCARI,SELL,EPSON,EF-12-198,,46000,成約,14,30,12,0.08,2026-08-20
RAKUMA,SELL,EPSON,EF-12-198,,44160,成約,6,22,18,0.09,2026-08-20
YAHUOKU,SELL,EPSON,EF-12-198,,42780,成約,9,26,10,0.14,2026-08-20
AMAZON,SELL,EPSON,EF-12-198,,51520,出品,3,12,25,0.06,2026-08-20
EBAY,SELL,EPSON,EF-12-198,,59800,出品,2,9,40,0.2,2026-08-20
OWN_EC,SELL,EPSON,EF-12-198,,48300,出品,,1,30,0.05,2026-08-20
MERCARI,BUY,EPSON,EF-12-198,,33120,出品,,30,,0.08,2026-08-20
YAHUOKU,BUY,EPSON,EF-12-198,,31280,出品,,26,,0.14,2026-08-20
MERCARI,SELL,CANON,IXY650-206,,13500,成約,14,30,12,0.08,2026-08-20
RAKUMA,SELL,CANON,IXY650-206,,12960,成約,6,22,18,0.09,2026-08-20
YAHUOKU,SELL,CANON,IXY650-206,,12555,成約,9,26,10,0.14,2026-08-20
AMAZON,SELL,CANON,IXY650-206,,15120,出品,3,12,25,0.06,2026-08-20
EBAY,SELL,CANON,IXY650-206,,17550,出品,2,9,40,0.2,2026-08-20
OWN_EC,SELL,CANON,IXY650-206,,14175,出品,,1,30,0.05,2026-08-20
MERCARI,BUY,CANON,IXY650-206,,9720,出品,,30,,0.08,2026-08-20
YAHUOKU,BUY,CANON,IXY650-206,,9180,出品,,26,,0.14,2026-08-20
MERCARI,SELL,YAMAHA,FG830-214,4900000000213,30500,成約,14,30,12,0.08,2026-08-20
RAKUMA,SELL,YAMAHA,FG830-214,4900000000213,29280,成約,6,22,18,0.09,2026-08-20
YAHUOKU,SELL,YAMAHA,FG830-214,4900000000213,28365,成約,9,26,10,0.14,2026-08-20
AMAZON,SELL,YAMAHA,FG830-214,4900000000213,34160,出品,3,12,25,0.06,2026-08-20
EBAY,SELL,YAMAHA,FG830-214,4900000000213,39650,出品,2,9,40,0.2,2026-08-20
OWN_EC,SELL,YAMAHA,FG830-214,4900000000213,32025,出品,,1,30,0.05,2026-08-20
MERCARI,BUY,YAMAHA,FG830-214,4900000000213,21960,出品,,30,,0.08,2026-08-20
YAHUOKU,BUY,YAMAHA,FG830-214,4900000000213,20740,出品,,26,,0.14,2026-08-20
MERCARI,SELL,YAMAHA,X0T-82-222,,22000,成約,14,30,12,0.08,2026-08-20
RAKUMA,SELL,YAMAHA,X0T-82-222,,21120,成約,6,22,18,0.09,2026-08-20
YAHUOKU,SELL,YAMAHA,X0T-82-222,,20460,成約,9,26,10,0.14,2026-08-20
AMAZON,SELL,YAMAHA,X0T-82-222,,24640,出品,3,12,25,0.06,2026-08-20
EBAY,SELL,YAMAHA,X0T-82-222,,28600,出品,2,9,40,0.2,2026-08-20
OWN_EC,SELL,YAMAHA,X0T-82-222,,23100,出品,,1,30,0.05,2026-08-20
MERCARI,BUY,YAMAHA,X0T-82-222,,15840,出品,,30,,0.08,2026-08-20
YAHUOKU,BUY,YAMAHA,X0T-82-222,,14960,出品,,26,,0.14,2026-08-20
MERCARI,SELL,IODATA,LCD-MF-230,,15000,成約,14,30,12,0.08,2026-08-20
RAKUMA,SELL,IODATA,LCD-MF-230,,14400,成約,6,22,18,0.09,2026-08-20
YAHUOKU,SELL,IODATA,LCD-MF-230,,13950,成約,9,26,10,0.14,2026-08-20
AMAZON,SELL,IODATA,LCD-MF-230,,16800,出品,3,12,25,0.06,2026-08-20
EBAY,SELL,IODATA,LCD-MF-230,,19500,出品,2,9,40,0.2,2026-08-20
OWN_EC,SELL,IODATA,LCD-MF-230,,15750,出品,,1,30,0.05,2026-08-20
MERCARI,BUY,IODATA,LCD-MF-230,,10800,出品,,30,,0.08,2026-08-20
YAHUOKU,BUY,IODATA,LCD-MF-230,,10200,出品,,26,,0.14,2026-08-20
MERCARI,SELL,COACH,CH-W2-238,4900000000237,17800,成約,14,30,12,0.08,2026-08-20
RAKUMA,SELL,COACH,CH-W2-238,4900000000237,17088,成約,6,22,18,0.09,2026-08-20
YAHUOKU,SELL,COACH,CH-W2-238,4900000000237,16554,成約,9,26,10,0.14,2026-08-20
AMAZON,SELL,COACH,CH-W2-238,4900000000237,19936,出品,3,12,25,0.06,2026-08-20
EBAY,SELL,COACH,CH-W2-238,4900000000237,23140,出品,2,9,40,0.2,2026-08-20
OWN_EC,SELL,COACH,CH-W2-238,4900000000237,18690,出品,,1,30,0.05,2026-08-20
MERCARI,BUY,COACH,CH-W2-238,4900000000237,12816,出品,,30,,0.08,2026-08-20
YAHUOKU,BUY,COACH,CH-W2-238,4900000000237,12104,出品,,26,,0.14,2026-08-20
MERCARI,SELL,DELONGHI,ECAM-246,,35500,成約,14,30,12,0.08,2026-08-20
RAKUMA,SELL,DELONGHI,ECAM-246,,34080,成約,6,22,18,0.09,2026-08-20
YAHUOKU,SELL,DELONGHI,ECAM-246,,33015,成約,9,26,10,0.14,2026-08-20
AMAZON,SELL,DELONGHI,ECAM-246,,39760,出品,3,12,25,0.06,2026-08-20
EBAY,SELL,DELONGHI,ECAM-246,,46150,出品,2,9,40,0.2,2026-08-20
OWN_EC,SELL,DELONGHI,ECAM-246,,37275,出品,,1,30,0.05,2026-08-20
MERCARI,BUY,DELONGHI,ECAM-246,,25560,出品,,30,,0.08,2026-08-20
YAHUOKU,BUY,DELONGHI,ECAM-246,,24140,出品,,26,,0.14,2026-08-20
MERCARI,SELL,ZOJIRUSHI,NP-BK-254,,22500,成約,14,30,12,0.08,2026-08-20
RAKUMA,SELL,ZOJIRUSHI,NP-BK-254,,21600,成約,6,22,18,0.09,2026-08-20
YAHUOKU,SELL,ZOJIRUSHI,NP-BK-254,,20925,成約,9,26,10,0.14,2026-08-20
AMAZON,SELL,ZOJIRUSHI,NP-BK-254,,25200,出品,3,12,25,0.06,2026-08-20
EBAY,SELL,ZOJIRUSHI,NP-BK-254,,29250,出品,2,9,40,0.2,2026-08-20
OWN_EC,SELL,ZOJIRUSHI,NP-BK-254,,23625,出品,,1,30,0.05,2026-08-20
MERCARI,BUY,ZOJIRUSHI,NP-BK-254,,16200,出品,,30,,0.08,2026-08-20
YAHUOKU,BUY,ZOJIRUSHI,NP-BK-254,,15300,出品,,26,,0.14,2026-08-20
MERCARI,SELL,PORTER,PT-BIZ-262,4900000000261,21000,成約,14,30,12,0.08,2026-08-20
RAKUMA,SELL,PORTER,PT-BIZ-262,4900000000261,20160,成約,6,22,18,0.09,2026-08-20
YAHUOKU,SELL,PORTER,PT-BIZ-262,4900000000261,19530,成約,9,26,10,0.14,2026-08-20
AMAZON,SELL,PORTER,PT-BIZ-262,4900000000261,23520,出品,3,12,25,0.06,2026-08-20
EBAY,SELL,PORTER,PT-BIZ-262,4900000000261,27300,出品,2,9,40,0.2,2026-08-20
OWN_EC,SELL,PORTER,PT-BIZ-262,4900000000261,22050,出品,,1,30,0.05,2026-08-20
MERCARI,BUY,PORTER,PT-BIZ-262,4900000000261,15120,出品,,30,,0.08,2026-08-20
YAHUOKU,BUY,PORTER,PT-BIZ-262,4900000000261,14280,出品,,26,,0.14,2026-08-20
MERCARI,SELL,PANASONIC,F-VXR-270,,26000,成約,14,30,12,0.08,2026-08-20
RAKUMA,SELL,PANASONIC,F-VXR-270,,24960,成約,6,22,18,0.09,2026-08-20
YAHUOKU,SELL,PANASONIC,F-VXR-270,,24180,成約,9,26,10,0.14,2026-08-20
AMAZON,SELL,PANASONIC,F-VXR-270,,29120,出品,3,12,25,0.06,2026-08-20
EBAY,SELL,PANASONIC,F-VXR-270,,33800,出品,2,9,40,0.2,2026-08-20
OWN_EC,SELL,PANASONIC,F-VXR-270,,27300,出品,,1,30,0.05,2026-08-20
MERCARI,BUY,PANASONIC,F-VXR-270,,18720,出品,,30,,0.08,2026-08-20
YAHUOKU,BUY,PANASONIC,F-VXR-270,,17680,出品,,26,,0.14,2026-08-20
MERCARI,SELL,DYSON,V8-278,,23500,成約,14,30,12,0.08,2026-08-20
RAKUMA,SELL,DYSON,V8-278,,22560,成約,6,22,18,0.09,2026-08-20
YAHUOKU,SELL,DYSON,V8-278,,21855,成約,9,26,10,0.14,2026-08-20
AMAZON,SELL,DYSON,V8-278,,26320,出品,3,12,25,0.06,2026-08-20
EBAY,SELL,DYSON,V8-278,,30550,出品,2,9,40,0.2,2026-08-20
OWN_EC,SELL,DYSON,V8-278,,24675,出品,,1,30,0.05,2026-08-20
MERCARI,BUY,DYSON,V8-278,,16920,出品,,30,,0.08,2026-08-20
YAHUOKU,BUY,DYSON,V8-278,,15980,出品,,26,,0.14,2026-08-20
MERCARI,SELL,ASICS,GEL-KAYANO-286,4900000000285,15100,成約,14,30,12,0.08,2026-08-20
RAKUMA,SELL,ASICS,GEL-KAYANO-286,4900000000285,14496,成約,6,22,18,0.09,2026-08-20
YAHUOKU,SELL,ASICS,GEL-KAYANO-286,4900000000285,14043,成約,9,26,10,0.14,2026-08-20
AMAZON,SELL,ASICS,GEL-KAYANO-286,4900000000285,16912,出品,3,12,25,0.06,2026-08-20
EBAY,SELL,ASICS,GEL-KAYANO-286,4900000000285,19630,出品,2,9,40,0.2,2026-08-20
OWN_EC,SELL,ASICS,GEL-KAYANO-286,4900000000285,15855,出品,,1,30,0.05,2026-08-20
SNKRDUNK,SELL,ASICS,GEL-KAYANO-286,4900000000285,18422,成約,11,18,9,0.05,2026-08-20
MERCARI,BUY,ASICS,GEL-KAYANO-286,4900000000285,10872,出品,,30,,0.08,2026-08-20
YAHUOKU,BUY,ASICS,GEL-KAYANO-286,4900000000285,10268,出品,,26,,0.14,2026-08-20
SNKRDUNK,BUY,ASICS,GEL-KAYANO-286,4900000000285,12080,出品,,18,,0.05,2026-08-20
MERCARI,SELL,GARMIN,FR-255-294,,26000,成約,14,30,12,0.08,2026-08-20
RAKUMA,SELL,GARMIN,FR-255-294,,24960,成約,6,22,18,0.09,2026-08-20
YAHUOKU,SELL,GARMIN,FR-255-294,,24180,成約,9,26,10,0.14,2026-08-20
AMAZON,SELL,GARMIN,FR-255-294,,29120,出品,3,12,25,0.06,2026-08-20
EBAY,SELL,GARMIN,FR-255-294,,33800,出品,2,9,40,0.2,2026-08-20
OWN_EC,SELL,GARMIN,FR-255-294,,27300,出品,,1,30,0.05,2026-08-20
MERCARI,BUY,GARMIN,FR-255-294,,18720,出品,,30,,0.08,2026-08-20
YAHUOKU,BUY,GARMIN,FR-255-294,,17680,出品,,26,,0.14,2026-08-20
MERCARI,SELL,YAMAHA,PAC612VIIFM,,82000,成約,14,30,12,0.08,2026-08-20
RAKUMA,SELL,YAMAHA,PAC612VIIFM,,78720,成約,6,22,18,0.09,2026-08-20
YAHUOKU,SELL,YAMAHA,PAC612VIIFM,,76260,成約,9,26,10,0.14,2026-08-20
AMAZON,SELL,YAMAHA,PAC612VIIFM,,91840,出品,3,12,25,0.06,2026-08-20
EBAY,SELL,YAMAHA,PAC612VIIFM,,106600,出品,2,9,40,0.2,2026-08-20
OWN_EC,SELL,YAMAHA,PAC612VIIFM,,86100,出品,,1,30,0.05,2026-08-20
MERCARI,BUY,YAMAHA,PAC612VIIFM,,59040,出品,,30,,0.08,2026-08-20
YAHUOKU,BUY,YAMAHA,PAC612VIIFM,,55760,出品,,26,,0.14,2026-08-20
MERCARI,SELL,DENON,PMA-600NE,,48000,成約,14,30,12,0.08,2026-08-20
RAKUMA,SELL,DENON,PMA-600NE,,46080,成約,6,22,18,0.09,2026-08-20
YAHUOKU,SELL,DENON,PMA-600NE,,44640,成約,9,26,10,0.14,2026-08-20
AMAZON,SELL,DENON,PMA-600NE,,53760,出品,3,12,25,0.06,2026-08-20
EBAY,SELL,DENON,PMA-600NE,,62400,出品,2,9,40,0.2,2026-08-20
OWN_EC,SELL,DENON,PMA-600NE,,50400,出品,,1,30,0.05,2026-08-20
MERCARI,BUY,DENON,PMA-600NE,,34560,出品,,30,,0.08,2026-08-20
YAHUOKU,BUY,DENON,PMA-600NE,,32640,出品,,26,,0.14,2026-08-20
MERCARI,SELL,NIKE,555088-063,,42000,成約,14,30,12,0.08,2026-08-20
RAKUMA,SELL,NIKE,555088-063,,40320,成約,6,22,18,0.09,2026-08-20
YAHUOKU,SELL,NIKE,555088-063,,39060,成約,9,26,10,0.14,2026-08-20
AMAZON,SELL,NIKE,555088-063,,47040,出品,3,12,25,0.06,2026-08-20
EBAY,SELL,NIKE,555088-063,,54600,出品,2,9,40,0.2,2026-08-20
OWN_EC,SELL,NIKE,555088-063,,44100,出品,,1,30,0.05,2026-08-20
SNKRDUNK,SELL,NIKE,555088-063,,51240,成約,11,18,9,0.05,2026-08-20
MERCARI,BUY,NIKE,555088-063,,30240,出品,,30,,0.08,2026-08-20
YAHUOKU,BUY,NIKE,555088-063,,28560,出品,,26,,0.14,2026-08-20
SNKRDUNK,BUY,NIKE,555088-063,,33600,出品,,18,,0.05,2026-08-20
MERCARI,SELL,ADIDAS,B75806,,24000,成約,14,30,12,0.08,2026-08-20
RAKUMA,SELL,ADIDAS,B75806,,23040,成約,6,22,18,0.09,2026-08-20
YAHUOKU,SELL,ADIDAS,B75806,,22320,成約,9,26,10,0.14,2026-08-20
AMAZON,SELL,ADIDAS,B75806,,26880,出品,3,12,25,0.06,2026-08-20
EBAY,SELL,ADIDAS,B75806,,31200,出品,2,9,40,0.2,2026-08-20
OWN_EC,SELL,ADIDAS,B75806,,25200,出品,,1,30,0.05,2026-08-20
SNKRDUNK,SELL,ADIDAS,B75806,,29280,成約,11,18,9,0.05,2026-08-20
MERCARI,BUY,ADIDAS,B75806,,17280,出品,,30,,0.08,2026-08-20
YAHUOKU,BUY,ADIDAS,B75806,,16320,出品,,26,,0.14,2026-08-20
SNKRDUNK,BUY,ADIDAS,B75806,,19200,出品,,18,,0.05,2026-08-20
MERCARI,SELL,NIKE,DD1391-100,,26000,成約,14,30,12,0.08,2026-08-20
RAKUMA,SELL,NIKE,DD1391-100,,24960,成約,6,22,18,0.09,2026-08-20
YAHUOKU,SELL,NIKE,DD1391-100,,24180,成約,9,26,10,0.14,2026-08-20
AMAZON,SELL,NIKE,DD1391-100,,29120,出品,3,12,25,0.06,2026-08-20
EBAY,SELL,NIKE,DD1391-100,,33800,出品,2,9,40,0.2,2026-08-20
OWN_EC,SELL,NIKE,DD1391-100,,27300,出品,,1,30,0.05,2026-08-20
SNKRDUNK,SELL,NIKE,DD1391-100,,31720,成約,11,18,9,0.05,2026-08-20
MERCARI,BUY,NIKE,DD1391-100,,18720,出品,,30,,0.08,2026-08-20
YAHUOKU,BUY,NIKE,DD1391-100,,17680,出品,,26,,0.14,2026-08-20
SNKRDUNK,BUY,NIKE,DD1391-100,,20800,出品,,18,,0.05,2026-08-20
MERCARI,SELL,NIKON,NIKKOR-Z-7,,31000,成約,14,30,12,0.08,2026-08-20
RAKUMA,SELL,NIKON,NIKKOR-Z-7,,29760,成約,6,22,18,0.09,2026-08-20
YAHUOKU,SELL,NIKON,NIKKOR-Z-7,,28830,成約,9,26,10,0.14,2026-08-20
AMAZON,SELL,NIKON,NIKKOR-Z-7,,34720,出品,3,12,25,0.06,2026-08-20
EBAY,SELL,NIKON,NIKKOR-Z-7,,40300,出品,2,9,40,0.2,2026-08-20
OWN_EC,SELL,NIKON,NIKKOR-Z-7,,32550,出品,,1,30,0.05,2026-08-20
MERCARI,BUY,NIKON,NIKKOR-Z-7,,22320,出品,,30,,0.08,2026-08-20
YAHUOKU,BUY,NIKON,NIKKOR-Z-7,,21080,出品,,26,,0.14,2026-08-20
MERCARI,SELL,CASIO,CT-S300-15,,21000,成約,14,30,12,0.08,2026-08-20
RAKUMA,SELL,CASIO,CT-S300-15,,20160,成約,6,22,18,0.09,2026-08-20
YAHUOKU,SELL,CASIO,CT-S300-15,,19530,成約,9,26,10,0.14,2026-08-20
AMAZON,SELL,CASIO,CT-S300-15,,23520,出品,3,12,25,0.06,2026-08-20
EBAY,SELL,CASIO,CT-S300-15,,27300,出品,2,9,40,0.2,2026-08-20
OWN_EC,SELL,CASIO,CT-S300-15,,22050,出品,,1,30,0.05,2026-08-20
MERCARI,BUY,CASIO,CT-S300-15,,15120,出品,,30,,0.08,2026-08-20
YAHUOKU,BUY,CASIO,CT-S300-15,,14280,出品,,26,,0.14,2026-08-20
MERCARI,SELL,EPSON,EF-12-23,,43500,成約,14,30,12,0.08,2026-08-20
RAKUMA,SELL,EPSON,EF-12-23,,41760,成約,6,22,18,0.09,2026-08-20
YAHUOKU,SELL,EPSON,EF-12-23,,40455,成約,9,26,10,0.14,2026-08-20
AMAZON,SELL,EPSON,EF-12-23,,48720,出品,3,12,25,0.06,2026-08-20
EBAY,SELL,EPSON,EF-12-23,,56550,出品,2,9,40,0.2,2026-08-20
OWN_EC,SELL,EPSON,EF-12-23,,45675,出品,,1,30,0.05,2026-08-20
MERCARI,BUY,EPSON,EF-12-23,,31320,出品,,30,,0.08,2026-08-20
YAHUOKU,BUY,EPSON,EF-12-23,,29580,出品,,26,,0.14,2026-08-20
MERCARI,SELL,CANON,IXY650-31,,19500,成約,14,30,12,0.08,2026-08-20
RAKUMA,SELL,CANON,IXY650-31,,18720,成約,6,22,18,0.09,2026-08-20
YAHUOKU,SELL,CANON,IXY650-31,,18135,成約,9,26,10,0.14,2026-08-20
AMAZON,SELL,CANON,IXY650-31,,21840,出品,3,12,25,0.06,2026-08-20
EBAY,SELL,CANON,IXY650-31,,25350,出品,2,9,40,0.2,2026-08-20
OWN_EC,SELL,CANON,IXY650-31,,20475,出品,,1,30,0.05,2026-08-20
MERCARI,BUY,CANON,IXY650-31,,14040,出品,,30,,0.08,2026-08-20
YAHUOKU,BUY,CANON,IXY650-31,,13260,出品,,26,,0.14,2026-08-20
MERCARI,SELL,YAMAHA,FG830-39,,28000,成約,14,30,12,0.08,2026-08-20
RAKUMA,SELL,YAMAHA,FG830-39,,26880,成約,6,22,18,0.09,2026-08-20
YAHUOKU,SELL,YAMAHA,FG830-39,,26040,成約,9,26,10,0.14,2026-08-20
AMAZON,SELL,YAMAHA,FG830-39,,31360,出品,3,12,25,0.06,2026-08-20
EBAY,SELL,YAMAHA,FG830-39,,36400,出品,2,9,40,0.2,2026-08-20
OWN_EC,SELL,YAMAHA,FG830-39,,29400,出品,,1,30,0.05,2026-08-20
MERCARI,BUY,YAMAHA,FG830-39,,20160,出品,,30,,0.08,2026-08-20
YAHUOKU,BUY,YAMAHA,FG830-39,,19040,出品,,26,,0.14,2026-08-20
MERCARI,SELL,YAMAHA,X0T-82-47,,28000,成約,14,30,12,0.08,2026-08-20
RAKUMA,SELL,YAMAHA,X0T-82-47,,26880,成約,6,22,18,0.09,2026-08-20
YAHUOKU,SELL,YAMAHA,X0T-82-47,,26040,成約,9,26,10,0.14,2026-08-20
AMAZON,SELL,YAMAHA,X0T-82-47,,31360,出品,3,12,25,0.06,2026-08-20
EBAY,SELL,YAMAHA,X0T-82-47,,36400,出品,2,9,40,0.2,2026-08-20
OWN_EC,SELL,YAMAHA,X0T-82-47,,29400,出品,,1,30,0.05,2026-08-20
MERCARI,BUY,YAMAHA,X0T-82-47,,20160,出品,,30,,0.08,2026-08-20
YAHUOKU,BUY,YAMAHA,X0T-82-47,,19040,出品,,26,,0.14,2026-08-20
MERCARI,SELL,IODATA,LCD-MF-55,,12500,成約,14,30,12,0.08,2026-08-20
RAKUMA,SELL,IODATA,LCD-MF-55,,12000,成約,6,22,18,0.09,2026-08-20
YAHUOKU,SELL,IODATA,LCD-MF-55,,11625,成約,9,26,10,0.14,2026-08-20
AMAZON,SELL,IODATA,LCD-MF-55,,14000,出品,3,12,25,0.06,2026-08-20
EBAY,SELL,IODATA,LCD-MF-55,,16250,出品,2,9,40,0.2,2026-08-20
OWN_EC,SELL,IODATA,LCD-MF-55,,13125,出品,,1,30,0.05,2026-08-20
MERCARI,BUY,IODATA,LCD-MF-55,,9000,出品,,30,,0.08,2026-08-20
YAHUOKU,BUY,IODATA,LCD-MF-55,,8500,出品,,26,,0.14,2026-08-20
MERCARI,SELL,COACH,CH-W2-63,,15300,成約,14,30,12,0.08,2026-08-20
RAKUMA,SELL,COACH,CH-W2-63,,14688,成約,6,22,18,0.09,2026-08-20
YAHUOKU,SELL,COACH,CH-W2-63,,14229,成約,9,26,10,0.14,2026-08-20
AMAZON,SELL,COACH,CH-W2-63,,17136,出品,3,12,25,0.06,2026-08-20
EBAY,SELL,COACH,CH-W2-63,,19890,出品,2,9,40,0.2,2026-08-20
OWN_EC,SELL,COACH,CH-W2-63,,16065,出品,,1,30,0.05,2026-08-20
MERCARI,BUY,COACH,CH-W2-63,,11016,出品,,30,,0.08,2026-08-20
YAHUOKU,BUY,COACH,CH-W2-63,,10404,出品,,26,,0.14,2026-08-20
MERCARI,SELL,DELONGHI,ECAM-71,,33000,成約,14,30,12,0.08,2026-08-20
RAKUMA,SELL,DELONGHI,ECAM-71,,31680,成約,6,22,18,0.09,2026-08-20
YAHUOKU,SELL,DELONGHI,ECAM-71,,30690,成約,9,26,10,0.14,2026-08-20
AMAZON,SELL,DELONGHI,ECAM-71,,36960,出品,3,12,25,0.06,2026-08-20
EBAY,SELL,DELONGHI,ECAM-71,,42900,出品,2,9,40,0.2,2026-08-20
OWN_EC,SELL,DELONGHI,ECAM-71,,34650,出品,,1,30,0.05,2026-08-20
MERCARI,BUY,DELONGHI,ECAM-71,,23760,出品,,30,,0.08,2026-08-20
YAHUOKU,BUY,DELONGHI,ECAM-71,,22440,出品,,26,,0.14,2026-08-20
MERCARI,SELL,ZOJIRUSHI,NP-BK-79,,20000,成約,14,30,12,0.08,2026-08-20
RAKUMA,SELL,ZOJIRUSHI,NP-BK-79,,19200,成約,6,22,18,0.09,2026-08-20
YAHUOKU,SELL,ZOJIRUSHI,NP-BK-79,,18600,成約,9,26,10,0.14,2026-08-20
AMAZON,SELL,ZOJIRUSHI,NP-BK-79,,22400,出品,3,12,25,0.06,2026-08-20
EBAY,SELL,ZOJIRUSHI,NP-BK-79,,26000,出品,2,9,40,0.2,2026-08-20
OWN_EC,SELL,ZOJIRUSHI,NP-BK-79,,21000,出品,,1,30,0.05,2026-08-20
MERCARI,BUY,ZOJIRUSHI,NP-BK-79,,14400,出品,,30,,0.08,2026-08-20
YAHUOKU,BUY,ZOJIRUSHI,NP-BK-79,,13600,出品,,26,,0.14,2026-08-20
MERCARI,SELL,PORTER,PT-BIZ-87,,18500,成約,14,30,12,0.08,2026-08-20
RAKUMA,SELL,PORTER,PT-BIZ-87,,17760,成約,6,22,18,0.09,2026-08-20
YAHUOKU,SELL,PORTER,PT-BIZ-87,,17205,成約,9,26,10,0.14,2026-08-20
AMAZON,SELL,PORTER,PT-BIZ-87,,20720,出品,3,12,25,0.06,2026-08-20
EBAY,SELL,PORTER,PT-BIZ-87,,24050,出品,2,9,40,0.2,2026-08-20
OWN_EC,SELL,PORTER,PT-BIZ-87,,19425,出品,,1,30,0.05,2026-08-20
MERCARI,BUY,PORTER,PT-BIZ-87,,13320,出品,,30,,0.08,2026-08-20
YAHUOKU,BUY,PORTER,PT-BIZ-87,,12580,出品,,26,,0.14,2026-08-20
MERCARI,SELL,PANASONIC,F-VXR-95,,23500,成約,14,30,12,0.08,2026-08-20
RAKUMA,SELL,PANASONIC,F-VXR-95,,22560,成約,6,22,18,0.09,2026-08-20
YAHUOKU,SELL,PANASONIC,F-VXR-95,,21855,成約,9,26,10,0.14,2026-08-20
AMAZON,SELL,PANASONIC,F-VXR-95,,26320,出品,3,12,25,0.06,2026-08-20
EBAY,SELL,PANASONIC,F-VXR-95,,30550,出品,2,9,40,0.2,2026-08-20
OWN_EC,SELL,PANASONIC,F-VXR-95,,24675,出品,,1,30,0.05,2026-08-20
MERCARI,BUY,PANASONIC,F-VXR-95,,16920,出品,,30,,0.08,2026-08-20
YAHUOKU,BUY,PANASONIC,F-VXR-95,,15980,出品,,26,,0.14,2026-08-20
MERCARI,SELL,DYSON,V8-103,,21000,成約,14,30,12,0.08,2026-08-20
RAKUMA,SELL,DYSON,V8-103,,20160,成約,6,22,18,0.09,2026-08-20
YAHUOKU,SELL,DYSON,V8-103,,19530,成約,9,26,10,0.14,2026-08-20
AMAZON,SELL,DYSON,V8-103,,23520,出品,3,12,25,0.06,2026-08-20
EBAY,SELL,DYSON,V8-103,,27300,出品,2,9,40,0.2,2026-08-20
OWN_EC,SELL,DYSON,V8-103,,22050,出品,,1,30,0.05,2026-08-20
MERCARI,BUY,DYSON,V8-103,,15120,出品,,30,,0.08,2026-08-20
YAHUOKU,BUY,DYSON,V8-103,,14280,出品,,26,,0.14,2026-08-20
MERCARI,SELL,ASICS,GEL-KAYANO-111,,12600,成約,14,30,12,0.08,2026-08-20
RAKUMA,SELL,ASICS,GEL-KAYANO-111,,12096,成約,6,22,18,0.09,2026-08-20
YAHUOKU,SELL,ASICS,GEL-KAYANO-111,,11718,成約,9,26,10,0.14,2026-08-20
AMAZON,SELL,ASICS,GEL-KAYANO-111,,14112,出品,3,12,25,0.06,2026-08-20
EBAY,SELL,ASICS,GEL-KAYANO-111,,16380,出品,2,9,40,0.2,2026-08-20
OWN_EC,SELL,ASICS,GEL-KAYANO-111,,13230,出品,,1,30,0.05,2026-08-20
SNKRDUNK,SELL,ASICS,GEL-KAYANO-111,,15372,成約,11,18,9,0.05,2026-08-20
MERCARI,BUY,ASICS,GEL-KAYANO-111,,9072,出品,,30,,0.08,2026-08-20
YAHUOKU,BUY,ASICS,GEL-KAYANO-111,,8568,出品,,26,,0.14,2026-08-20
SNKRDUNK,BUY,ASICS,GEL-KAYANO-111,,10080,出品,,18,,0.05,2026-08-20
MERCARI,SELL,GARMIN,FR-255-119,,32000,成約,14,30,12,0.08,2026-08-20
RAKUMA,SELL,GARMIN,FR-255-119,,30720,成約,6,22,18,0.09,2026-08-20
YAHUOKU,SELL,GARMIN,FR-255-119,,29760,成約,9,26,10,0.14,2026-08-20
AMAZON,SELL,GARMIN,FR-255-119,,35840,出品,3,12,25,0.06,2026-08-20
EBAY,SELL,GARMIN,FR-255-119,,41600,出品,2,9,40,0.2,2026-08-20
OWN_EC,SELL,GARMIN,FR-255-119,,33600,出品,,1,30,0.05,2026-08-20
MERCARI,BUY,GARMIN,FR-255-119,,23040,出品,,30,,0.08,2026-08-20
YAHUOKU,BUY,GARMIN,FR-255-119,,21760,出品,,26,,0.14,2026-08-20
MERCARI,SELL,SHARP,RE-SS-127,,15500,成約,14,30,12,0.08,2026-08-20
RAKUMA,SELL,SHARP,RE-SS-127,,14880,成約,6,22,18,0.09,2026-08-20
YAHUOKU,SELL,SHARP,RE-SS-127,,14415,成約,9,26,10,0.14,2026-08-20
AMAZON,SELL,SHARP,RE-SS-127,,17360,出品,3,12,25,0.06,2026-08-20
EBAY,SELL,SHARP,RE-SS-127,,20150,出品,2,9,40,0.2,2026-08-20
OWN_EC,SELL,SHARP,RE-SS-127,,16275,出品,,1,30,0.05,2026-08-20
MERCARI,BUY,SHARP,RE-SS-127,,11160,出品,,30,,0.08,2026-08-20
YAHUOKU,BUY,SHARP,RE-SS-127,,10540,出品,,26,,0.14,2026-08-20
MERCARI,SELL,UNIQLO,DWN-01-135,,11700,成約,14,30,12,0.08,2026-08-20
RAKUMA,SELL,UNIQLO,DWN-01-135,,11232,成約,6,22,18,0.09,2026-08-20
YAHUOKU,SELL,UNIQLO,DWN-01-135,,10881,成約,9,26,10,0.14,2026-08-20
AMAZON,SELL,UNIQLO,DWN-01-135,,13104,出品,3,12,25,0.06,2026-08-20
EBAY,SELL,UNIQLO,DWN-01-135,,15210,出品,2,9,40,0.2,2026-08-20
OWN_EC,SELL,UNIQLO,DWN-01-135,,12285,出品,,1,30,0.05,2026-08-20
MERCARI,BUY,UNIQLO,DWN-01-135,,8424,出品,,30,,0.08,2026-08-20
YAHUOKU,BUY,UNIQLO,DWN-01-135,,7956,出品,,26,,0.14,2026-08-20
MERCARI,SELL,LENOVO,TB-J606-143,,19000,成約,14,30,12,0.08,2026-08-20
RAKUMA,SELL,LENOVO,TB-J606-143,,18240,成約,6,22,18,0.09,2026-08-20
YAHUOKU,SELL,LENOVO,TB-J606-143,,17670,成約,9,26,10,0.14,2026-08-20
AMAZON,SELL,LENOVO,TB-J606-143,,21280,出品,3,12,25,0.06,2026-08-20
EBAY,SELL,LENOVO,TB-J606-143,,24700,出品,2,9,40,0.2,2026-08-20
OWN_EC,SELL,LENOVO,TB-J606-143,,19950,出品,,1,30,0.05,2026-08-20
MERCARI,BUY,LENOVO,TB-J606-143,,13680,出品,,30,,0.08,2026-08-20
YAHUOKU,BUY,LENOVO,TB-J606-143,,12920,出品,,26,,0.14,2026-08-20
MERCARI,SELL,NEC,PC-GN-151,,41000,成約,14,30,12,0.08,2026-08-20
RAKUMA,SELL,NEC,PC-GN-151,,39360,成約,6,22,18,0.09,2026-08-20
YAHUOKU,SELL,NEC,PC-GN-151,,38130,成約,9,26,10,0.14,2026-08-20
AMAZON,SELL,NEC,PC-GN-151,,45920,出品,3,12,25,0.06,2026-08-20
EBAY,SELL,NEC,PC-GN-151,,53300,出品,2,9,40,0.2,2026-08-20
OWN_EC,SELL,NEC,PC-GN-151,,43050,出品,,1,30,0.05,2026-08-20
MERCARI,BUY,NEC,PC-GN-151,,29520,出品,,30,,0.08,2026-08-20
YAHUOKU,BUY,NEC,PC-GN-151,,27880,出品,,26,,0.14,2026-08-20
MERCARI,SELL,CASIO,OCW-S-159,,48500,成約,14,30,12,0.08,2026-08-20
RAKUMA,SELL,CASIO,OCW-S-159,,46560,成約,6,22,18,0.09,2026-08-20
YAHUOKU,SELL,CASIO,OCW-S-159,,45105,成約,9,26,10,0.14,2026-08-20
AMAZON,SELL,CASIO,OCW-S-159,,54320,出品,3,12,25,0.06,2026-08-20
EBAY,SELL,CASIO,OCW-S-159,,63050,出品,2,9,40,0.2,2026-08-20
OWN_EC,SELL,CASIO,OCW-S-159,,50925,出品,,1,30,0.05,2026-08-20
MERCARI,BUY,CASIO,OCW-S-159,,34920,出品,,30,,0.08,2026-08-20
YAHUOKU,BUY,CASIO,OCW-S-159,,32980,出品,,26,,0.14,2026-08-20
MERCARI,SELL,SONY,CUH-2200-167,,23500,成約,14,30,12,0.08,2026-08-20
RAKUMA,SELL,SONY,CUH-2200-167,,22560,成約,6,22,18,0.09,2026-08-20
YAHUOKU,SELL,SONY,CUH-2200-167,,21855,成約,9,26,10,0.14,2026-08-20
AMAZON,SELL,SONY,CUH-2200-167,,26320,出品,3,12,25,0.06,2026-08-20
EBAY,SELL,SONY,CUH-2200-167,,30550,出品,2,9,40,0.2,2026-08-20
OWN_EC,SELL,SONY,CUH-2200-167,,24675,出品,,1,30,0.05,2026-08-20
MERCARI,BUY,SONY,CUH-2200-167,,16920,出品,,30,,0.08,2026-08-20
YAHUOKU,BUY,SONY,CUH-2200-167,,15980,出品,,26,,0.14,2026-08-20
MERCARI,SELL,PRADA,BR4001-175,,54000,成約,14,30,12,0.08,2026-08-20
RAKUMA,SELL,PRADA,BR4001-175,,51840,成約,6,22,18,0.09,2026-08-20
YAHUOKU,SELL,PRADA,BR4001-175,,50220,成約,9,26,10,0.14,2026-08-20
AMAZON,SELL,PRADA,BR4001-175,,60480,出品,3,12,25,0.06,2026-08-20
EBAY,SELL,PRADA,BR4001-175,,70200,出品,2,9,40,0.2,2026-08-20
OWN_EC,SELL,PRADA,BR4001-175,,56700,出品,,1,30,0.05,2026-08-20
MERCARI,BUY,PRADA,BR4001-175,,38880,出品,,30,,0.08,2026-08-20
YAHUOKU,BUY,PRADA,BR4001-175,,36720,出品,,26,,0.14,2026-08-20
MERCARI,SELL,JBL,FLIP6-183,,15000,成約,14,30,12,0.08,2026-08-20
RAKUMA,SELL,JBL,FLIP6-183,,14400,成約,6,22,18,0.09,2026-08-20
YAHUOKU,SELL,JBL,FLIP6-183,,13950,成約,9,26,10,0.14,2026-08-20
AMAZON,SELL,JBL,FLIP6-183,,16800,出品,3,12,25,0.06,2026-08-20
EBAY,SELL,JBL,FLIP6-183,,19500,出品,2,9,40,0.2,2026-08-20
OWN_EC,SELL,JBL,FLIP6-183,,15750,出品,,1,30,0.05,2026-08-20
MERCARI,BUY,JBL,FLIP6-183,,10800,出品,,30,,0.08,2026-08-20
YAHUOKU,BUY,JBL,FLIP6-183,,10200,出品,,26,,0.14,2026-08-20
MERCARI,SELL,NINTENDO,HAC-GEN-191,,5300,成約,14,30,12,0.08,2026-08-20
RAKUMA,SELL,NINTENDO,HAC-GEN-191,,5088,成約,6,22,18,0.09,2026-08-20
YAHUOKU,SELL,NINTENDO,HAC-GEN-191,,4929,成約,9,26,10,0.14,2026-08-20
AMAZON,SELL,NINTENDO,HAC-GEN-191,,5936,出品,3,12,25,0.06,2026-08-20
EBAY,SELL,NINTENDO,HAC-GEN-191,,6890,出品,2,9,40,0.2,2026-08-20
OWN_EC,SELL,NINTENDO,HAC-GEN-191,,5565,出品,,1,30,0.05,2026-08-20
MERCARI,BUY,NINTENDO,HAC-GEN-191,,3816,出品,,30,,0.08,2026-08-20
YAHUOKU,BUY,NINTENDO,HAC-GEN-191,,3604,出品,,26,,0.14,2026-08-20
MERCARI,SELL,AUDIOTECHNICA,AT2020-199,,14300,成約,14,30,12,0.08,2026-08-20
RAKUMA,SELL,AUDIOTECHNICA,AT2020-199,,13728,成約,6,22,18,0.09,2026-08-20
YAHUOKU,SELL,AUDIOTECHNICA,AT2020-199,,13299,成約,9,26,10,0.14,2026-08-20
AMAZON,SELL,AUDIOTECHNICA,AT2020-199,,16016,出品,3,12,25,0.06,2026-08-20
EBAY,SELL,AUDIOTECHNICA,AT2020-199,,18590,出品,2,9,40,0.2,2026-08-20
OWN_EC,SELL,AUDIOTECHNICA,AT2020-199,,15015,出品,,1,30,0.05,2026-08-20
MERCARI,BUY,AUDIOTECHNICA,AT2020-199,,10296,出品,,30,,0.08,2026-08-20
YAHUOKU,BUY,AUDIOTECHNICA,AT2020-199,,9724,出品,,26,,0.14,2026-08-20
MERCARI,SELL,NIKON,NIKKOR-Z-207,,29000,成約,14,30,12,0.08,2026-08-20
RAKUMA,SELL,NIKON,NIKKOR-Z-207,,27840,成約,6,22,18,0.09,2026-08-20
YAHUOKU,SELL,NIKON,NIKKOR-Z-207,,26970,成約,9,26,10,0.14,2026-08-20
AMAZON,SELL,NIKON,NIKKOR-Z-207,,32480,出品,3,12,25,0.06,2026-08-20
EBAY,SELL,NIKON,NIKKOR-Z-207,,37700,出品,2,9,40,0.2,2026-08-20
OWN_EC,SELL,NIKON,NIKKOR-Z-207,,30450,出品,,1,30,0.05,2026-08-20
MERCARI,BUY,NIKON,NIKKOR-Z-207,,20880,出品,,30,,0.08,2026-08-20
YAHUOKU,BUY,NIKON,NIKKOR-Z-207,,19720,出品,,26,,0.14,2026-08-20
MERCARI,SELL,CASIO,CT-S300-215,,19000,成約,14,30,12,0.08,2026-08-20
RAKUMA,SELL,CASIO,CT-S300-215,,18240,成約,6,22,18,0.09,2026-08-20
YAHUOKU,SELL,CASIO,CT-S300-215,,17670,成約,9,26,10,0.14,2026-08-20
AMAZON,SELL,CASIO,CT-S300-215,,21280,出品,3,12,25,0.06,2026-08-20
EBAY,SELL,CASIO,CT-S300-215,,24700,出品,2,9,40,0.2,2026-08-20
OWN_EC,SELL,CASIO,CT-S300-215,,19950,出品,,1,30,0.05,2026-08-20
MERCARI,BUY,CASIO,CT-S300-215,,13680,出品,,30,,0.08,2026-08-20
YAHUOKU,BUY,CASIO,CT-S300-215,,12920,出品,,26,,0.14,2026-08-20
MERCARI,SELL,EPSON,EF-12-223,,41500,成約,14,30,12,0.08,2026-08-20
RAKUMA,SELL,EPSON,EF-12-223,,39840,成約,6,22,18,0.09,2026-08-20
YAHUOKU,SELL,EPSON,EF-12-223,,38595,成約,9,26,10,0.14,2026-08-20
AMAZON,SELL,EPSON,EF-12-223,,46480,出品,3,12,25,0.06,2026-08-20
EBAY,SELL,EPSON,EF-12-223,,53950,出品,2,9,40,0.2,2026-08-20
OWN_EC,SELL,EPSON,EF-12-223,,43575,出品,,1,30,0.05,2026-08-20
MERCARI,BUY,EPSON,EF-12-223,,29880,出品,,30,,0.08,2026-08-20
YAHUOKU,BUY,EPSON,EF-12-223,,28220,出品,,26,,0.14,2026-08-20
MERCARI,SELL,CANON,IXY650-231,,17500,成約,14,30,12,0.08,2026-08-20
RAKUMA,SELL,CANON,IXY650-231,,16800,成約,6,22,18,0.09,2026-08-20
YAHUOKU,SELL,CANON,IXY650-231,,16275,成約,9,26,10,0.14,2026-08-20
AMAZON,SELL,CANON,IXY650-231,,19600,出品,3,12,25,0.06,2026-08-20
EBAY,SELL,CANON,IXY650-231,,22750,出品,2,9,40,0.2,2026-08-20
OWN_EC,SELL,CANON,IXY650-231,,18375,出品,,1,30,0.05,2026-08-20
MERCARI,BUY,CANON,IXY650-231,,12600,出品,,30,,0.08,2026-08-20
YAHUOKU,BUY,CANON,IXY650-231,,11900,出品,,26,,0.14,2026-08-20
MERCARI,SELL,YAMAHA,FG830-239,,26000,成約,14,30,12,0.08,2026-08-20
RAKUMA,SELL,YAMAHA,FG830-239,,24960,成約,6,22,18,0.09,2026-08-20
YAHUOKU,SELL,YAMAHA,FG830-239,,24180,成約,9,26,10,0.14,2026-08-20
AMAZON,SELL,YAMAHA,FG830-239,,29120,出品,3,12,25,0.06,2026-08-20
EBAY,SELL,YAMAHA,FG830-239,,33800,出品,2,9,40,0.2,2026-08-20
OWN_EC,SELL,YAMAHA,FG830-239,,27300,出品,,1,30,0.05,2026-08-20
MERCARI,BUY,YAMAHA,FG830-239,,18720,出品,,30,,0.08,2026-08-20
YAHUOKU,BUY,YAMAHA,FG830-239,,17680,出品,,26,,0.14,2026-08-20
MERCARI,SELL,YAMAHA,X0T-82-247,,26000,成約,14,30,12,0.08,2026-08-20
RAKUMA,SELL,YAMAHA,X0T-82-247,,24960,成約,6,22,18,0.09,2026-08-20
YAHUOKU,SELL,YAMAHA,X0T-82-247,,24180,成約,9,26,10,0.14,2026-08-20
AMAZON,SELL,YAMAHA,X0T-82-247,,29120,出品,3,12,25,0.06,2026-08-20
EBAY,SELL,YAMAHA,X0T-82-247,,33800,出品,2,9,40,0.2,2026-08-20
OWN_EC,SELL,YAMAHA,X0T-82-247,,27300,出品,,1,30,0.05,2026-08-20
MERCARI,BUY,YAMAHA,X0T-82-247,,18720,出品,,30,,0.08,2026-08-20
YAHUOKU,BUY,YAMAHA,X0T-82-247,,17680,出品,,26,,0.14,2026-08-20
MERCARI,SELL,IODATA,LCD-MF-255,,19000,成約,14,30,12,0.08,2026-08-20
RAKUMA,SELL,IODATA,LCD-MF-255,,18240,成約,6,22,18,0.09,2026-08-20
YAHUOKU,SELL,IODATA,LCD-MF-255,,17670,成約,9,26,10,0.14,2026-08-20
AMAZON,SELL,IODATA,LCD-MF-255,,21280,出品,3,12,25,0.06,2026-08-20
EBAY,SELL,IODATA,LCD-MF-255,,24700,出品,2,9,40,0.2,2026-08-20
OWN_EC,SELL,IODATA,LCD-MF-255,,19950,出品,,1,30,0.05,2026-08-20
MERCARI,BUY,IODATA,LCD-MF-255,,13680,出品,,30,,0.08,2026-08-20
YAHUOKU,BUY,IODATA,LCD-MF-255,,12920,出品,,26,,0.14,2026-08-20
MERCARI,SELL,COACH,CH-W2-263,,13300,成約,14,30,12,0.08,2026-08-20
RAKUMA,SELL,COACH,CH-W2-263,,12768,成約,6,22,18,0.09,2026-08-20
YAHUOKU,SELL,COACH,CH-W2-263,,12369,成約,9,26,10,0.14,2026-08-20
AMAZON,SELL,COACH,CH-W2-263,,14896,出品,3,12,25,0.06,2026-08-20
EBAY,SELL,COACH,CH-W2-263,,17290,出品,2,9,40,0.2,2026-08-20
OWN_EC,SELL,COACH,CH-W2-263,,13965,出品,,1,30,0.05,2026-08-20
MERCARI,BUY,COACH,CH-W2-263,,9576,出品,,30,,0.08,2026-08-20
YAHUOKU,BUY,COACH,CH-W2-263,,9044,出品,,26,,0.14,2026-08-20
MERCARI,SELL,DELONGHI,ECAM-271,,39500,成約,14,30,12,0.08,2026-08-20
RAKUMA,SELL,DELONGHI,ECAM-271,,37920,成約,6,22,18,0.09,2026-08-20
YAHUOKU,SELL,DELONGHI,ECAM-271,,36735,成約,9,26,10,0.14,2026-08-20
AMAZON,SELL,DELONGHI,ECAM-271,,44240,出品,3,12,25,0.06,2026-08-20
EBAY,SELL,DELONGHI,ECAM-271,,51350,出品,2,9,40,0.2,2026-08-20
OWN_EC,SELL,DELONGHI,ECAM-271,,41475,出品,,1,30,0.05,2026-08-20
MERCARI,BUY,DELONGHI,ECAM-271,,28440,出品,,30,,0.08,2026-08-20
YAHUOKU,BUY,DELONGHI,ECAM-271,,26860,出品,,26,,0.14,2026-08-20
MERCARI,SELL,ZOJIRUSHI,NP-BK-279,,18000,成約,14,30,12,0.08,2026-08-20
RAKUMA,SELL,ZOJIRUSHI,NP-BK-279,,17280,成約,6,22,18,0.09,2026-08-20
YAHUOKU,SELL,ZOJIRUSHI,NP-BK-279,,16740,成約,9,26,10,0.14,2026-08-20
AMAZON,SELL,ZOJIRUSHI,NP-BK-279,,20160,出品,3,12,25,0.06,2026-08-20
EBAY,SELL,ZOJIRUSHI,NP-BK-279,,23400,出品,2,9,40,0.2,2026-08-20
OWN_EC,SELL,ZOJIRUSHI,NP-BK-279,,18900,出品,,1,30,0.05,2026-08-20
MERCARI,BUY,ZOJIRUSHI,NP-BK-279,,12960,出品,,30,,0.08,2026-08-20
YAHUOKU,BUY,ZOJIRUSHI,NP-BK-279,,12240,出品,,26,,0.14,2026-08-20
MERCARI,SELL,PORTER,PT-BIZ-287,,25000,成約,14,30,12,0.08,2026-08-20
RAKUMA,SELL,PORTER,PT-BIZ-287,,24000,成約,6,22,18,0.09,2026-08-20
YAHUOKU,SELL,PORTER,PT-BIZ-287,,23250,成約,9,26,10,0.14,2026-08-20
AMAZON,SELL,PORTER,PT-BIZ-287,,28000,出品,3,12,25,0.06,2026-08-20
EBAY,SELL,PORTER,PT-BIZ-287,,32500,出品,2,9,40,0.2,2026-08-20
OWN_EC,SELL,PORTER,PT-BIZ-287,,26250,出品,,1,30,0.05,2026-08-20
MERCARI,BUY,PORTER,PT-BIZ-287,,18000,出品,,30,,0.08,2026-08-20
YAHUOKU,BUY,PORTER,PT-BIZ-287,,17000,出品,,26,,0.14,2026-08-20
MERCARI,SELL,PANASONIC,F-VXR-295,,21500,成約,14,30,12,0.08,2026-08-20
RAKUMA,SELL,PANASONIC,F-VXR-295,,20640,成約,6,22,18,0.09,2026-08-20
YAHUOKU,SELL,PANASONIC,F-VXR-295,,19995,成約,9,26,10,0.14,2026-08-20
AMAZON,SELL,PANASONIC,F-VXR-295,,24080,出品,3,12,25,0.06,2026-08-20
EBAY,SELL,PANASONIC,F-VXR-295,,27950,出品,2,9,40,0.2,2026-08-20
OWN_EC,SELL,PANASONIC,F-VXR-295,,22575,出品,,1,30,0.05,2026-08-20
MERCARI,BUY,PANASONIC,F-VXR-295,,15480,出品,,30,,0.08,2026-08-20
YAHUOKU,BUY,PANASONIC,F-VXR-295,,14620,出品,,26,,0.14,2026-08-20
